-- --------------------------------------------------------
-- Host:                         127.0.0.1
-- Server version:               10.4.21-MariaDB - mariadb.org binary distribution
-- Server OS:                    Win64
-- HeidiSQL Version:             11.3.0.6295
-- --------------------------------------------------------

/*!40101 SET @OLD_CHARACTER_SET_CLIENT=@@CHARACTER_SET_CLIENT */;
/*!40101 SET NAMES utf8 */;
/*!50503 SET NAMES utf8mb4 */;
/*!40014 SET @OLD_FOREIGN_KEY_CHECKS=@@FOREIGN_KEY_CHECKS, FOREIGN_KEY_CHECKS=0 */;
/*!40101 SET @OLD_SQL_MODE=@@SQL_MODE, SQL_MODE='NO_AUTO_VALUE_ON_ZERO' */;
/*!40111 SET @OLD_SQL_NOTES=@@SQL_NOTES, SQL_NOTES=0 */;


-- Dumping database structure for copier
CREATE DATABASE IF NOT EXISTS `copier` /*!40100 DEFAULT CHARACTER SET utf8mb4 */;
USE `copier`;

-- Dumping structure for table copier.copier_id
CREATE TABLE IF NOT EXISTS `copier_id` (
  `id` int(11) NOT NULL AUTO_INCREMENT,
  `sharp_password` varchar(10) DEFAULT NULL,
  `others_password` varchar(10) DEFAULT NULL,
  `idemployee` int(11) DEFAULT NULL,
  `employeename` varchar(100) DEFAULT NULL,
  `iddept` int(11) DEFAULT NULL,
  `idposition` int(11) DEFAULT NULL,
  `email` varchar(100) DEFAULT NULL,
  PRIMARY KEY (`id`),
  KEY `idemployee` (`idemployee`)
) ENGINE=InnoDB AUTO_INCREMENT=609 DEFAULT CHARSET=utf8mb4;

-- Dumping data for table copier.copier_id: ~606 rows (approximately)
/*!40000 ALTER TABLE `copier_id` DISABLE KEYS */;
INSERT INTO `copier_id` (`id`, `sharp_password`, `others_password`, `idemployee`, `employeename`, `iddept`, `idposition`, `email`) VALUES
	(1, '10023', '0023', 3245, 'Muhammad Zen', 1, NULL, 'muhamad.zen'),
	(2, '10032', '0032', 413, 'Winarso', 1, 161, 'winarso'),
	(3, '10014', '0014', 524, 'Deden Hidayat', 1, 162, 'deden.hidayat'),
	(4, '10009', '0009', 3558, 'Bayu Dhirgantara', 1, 38, 'bayu.dhirgantara'),
	(5, '10203', '0203', 3997, 'Dedi Afriadi', 1, 38, 'dedi.afriadi'),
	(6, '10328', '0328', 4445, 'Moh Rosyad Indra', 1, 38, 'rosyad.indra'),
	(7, '10391', '0391', 4798, 'Suherman', 1, 38, 'suherman.s'),
	(8, '10487', '0487', 5341, 'Nana Puja Zamrud', 1, 26, 'nana.zamrud'),
	(9, '10493', '0493', 5368, 'Rury Widyastuti', 1, 26, 'rury.widiastuti'),
	(10, '10320', '0320', 4406, 'Warno', 1, 116, 'warno.w'),
	(11, '10327', '0327', 4444, 'Zulhendri Caniago', 1, 116, 'zulhendri.caniago'),
	(12, '10331', '0331', 4447, 'Nova Vicky Sancoko', 1, 116, 'nova.sancoko'),
	(13, '10345', '0345', 4508, 'Rekardin', 1, 116, 'rekardin.r'),
	(14, '10010', '0010', 807, 'Beni Arief', 1, 38, 'beni.arief'),
	(15, '10018', '0018', 3797, 'Hendriwil', 1, 38, 'hendriwil.h'),
	(16, '10177', '0177', 3878, 'Dodi Arisandi', 1, 38, 'dodi.arisandi'),
	(17, '10388', '0388', 4773, 'Asrul Syafrianto', 1, 38, 'asrul.syafrianto'),
	(18, '10683', '0683', 7248, 'Suherman', 1, 38, 'suherman.s'),
	(19, '10726', '0726', 7441, 'Erwin Mulyawan', 1, 38, 'erwin.mulyawan'),
	(20, '10795', '0795', 7650, 'Solechudin', 1, 38, 'solechudin.s'),
	(21, '10037', '0037', 3504, 'Johana Melisa Saroinsong', 2, 207, 'johana.saroinsong'),
	(22, '10038', '0038', 1320, 'Hendro Hartanto', 3, 163, 'hendro.hartanto'),
	(23, '10042', '0042', 3610, 'Beti Tania', 3, 250, 'beti.tania'),
	(24, '10046', '0046', 3531, 'Alphonsus Laferis', 4, 39, 'alphonsus.laferis'),
	(25, '10047', '0047', 3533, 'Laurensius Lukas', 4, 39, 'laurensius.lukas'),
	(26, '10048', '0048', 3532, 'Fahrizal', 4, 39, 'fahrizal.f'),
	(27, '10050', '0050', 3099, 'Hanafi', 4, 39, 'hanafi.f'),
	(28, '10052', '0052', 3228, 'Wahyu Maulana', 5, 362, 'wahyu.maulana'),
	(29, '10053', '0053', 2922, 'Yody Hasan T', 5, 362, 'yody.hasan'),
	(30, '10157', '0157', 3566, 'Agus Nurudin', 6, 362, ''),
	(31, '10575', '0575', 5942, 'Heru Parningotang Sitohang', 6, 362, 'heru.sitohang'),
	(32, '10434', '0434', 5104, 'Silvia Uli Arta Lubis', 6, 362, 'silvia.lubis'),
	(33, '10055', '0055', 205, 'Muhammad Nur Muhadi', 6, 362, 'nur.muhadi'),
	(34, '10066', '0066', 3520, 'Aidil Syahputra', 6, 362, 'aidil.syahputra'),
	(35, '10753', '0753', 7514, 'Ridho Anuari', 6, 362, 'ridho.anuari'),
	(36, '10720', '0720', 400121, 'Vijil Renix', 6, 362, 'vijil.renix'),
	(37, '10568', '0568', 6024, 'Nur Anggie Supandi', 6, 362, 'anggie.supandi'),
	(38, '10330', '0330', 4443, 'Yurika Anggraini', 6, 362, 'yurika.anggraini'),
	(39, '10586', '0586', 6078, 'Adeliani Fatima', 6, 362, 'adeliani.fatima'),
	(40, '10629', '0629', 6747, 'Ajizul Akbar', 6, 362, 'Ajizul.akbar'),
	(41, '10826', '0826', 7602, 'Satria Kamal Huda', 6, 362, 'satria.huda'),
	(42, '10077', '0077', 3513, 'Oman Nurohman', 15, 362, 'oman.nurohman'),
	(43, '10822', '0822', 7859, 'Sugu Maran', 6, 362, 'sugu.maran'),
	(44, '10810', '0810', 400129, 'Albert Leong', 6, 362, 'albert.leong'),
	(45, '10688', '0688', 7288, 'Welman Silalahi', 6, 362, 'welman.silalahi'),
	(46, '10085', '0085', 451, 'Arif Ustadi', 7, 362, 'arif.ustadi'),
	(47, '10086', '0086', 446, 'LARIKI SUSANTO', 7, 362, 'lariki.susanto'),
	(48, '10087', '0087', 585, 'Yafet Bori Tangkesalu', 7, 362, 'yafetbori.tangkesalu'),
	(49, '10088', '0088', 455, 'Usning Sitorus', 7, 362, 'usning.sitorus'),
	(50, '10090', '0090', 796, 'Rika Lestari', 7, 362, 'rika.lestari'),
	(51, '10091', '0091', 1922, 'Rudi Putera', 7, 362, 'rudi.putera'),
	(52, '10094', '0094', 3490, 'Lutfi Eka Prayoga', 7, 362, 'lutfi.prayoga'),
	(53, '10095', '0095', 3486, 'Defri', 7, 362, 'defri.d'),
	(54, '10098', '0098', 3495, 'Muhamad Ali Mahsun', 7, 362, 'muhamad.mahsun'),
	(55, '10100', '0100', 3571, 'Arisman', 7, 362, 'arisman.a'),
	(56, '10104', '0104', 135, 'Ferry Setio Wardoyo', 9, 362, 'ferry.wardoyo'),
	(57, '10105', '0105', 3188, 'Ganesha Sjmd Gunawan', 9, 362, 'ganesha.gunawan'),
	(58, '10106', '0106', 1839, 'Evi Nurlaily', 9, 362, 'evi.nurlaily'),
	(59, '10109', '0109', 406, 'Nasrul N', 9, 362, 'nasrul.n'),
	(60, '10110', '0110', 433, 'Rosida', 9, 362, 'rosida'),
	(61, '10111', '0111', 3506, 'Siti Juliana', 9, 362, 'siti.juliana'),
	(62, '10114', '0114', 3519, 'Abdul Halim', 9, 329, 'abdul.halim'),
	(63, '10123', '0123', 400022, 'Sudhagar Karunanidhi', 6, 329, 'sudhagar.karuna'),
	(64, '10117', '0117', 400008, 'Damodaran S/O Singaram', 4, 329, 'damodaran.singaram'),
	(65, '10118', '0118', 400011, 'Kelvin Heng', 2, 329, 'kelvin.heng'),
	(66, '10119', '0119', 400012, 'Kennie Low', 2, 329, 'kennie.low'),
	(67, '10120', '0120', 400014, 'Mahesh Kumar', 15, 329, 'mahesh.kumar'),
	(68, '10121', '0121', 400016, 'Pradeep Thiagarajan', 18, 329, 'pradeep.thiagarajan'),
	(69, '10122', '0122', 400020, 'Shamugam Karupiah', 18, 410, 'shamugam.karupiah@wascoenergyt.com'),
	(70, '10654', '0654', 400110, 'JAGADEESH KANDREGULA', 6, 410, 'jagadeesh.kandregula'),
	(71, '10777', '0777', 7578, 'Sugeng Hariyadi', 6, 410, 'sugeng.hariyadi'),
	(72, '10740', '0740', 400125, 'Ong Bok Seng', 6, 410, 'bokseng.ong'),
	(73, '10126', '0126', 400029, 'Maideen', 7, 410, 'samsugani.maideen@wasconenergy.com'),
	(74, '10129', '0129', 400040, 'Rajasekaran Velmurugan', 7, 410, 'v.rajasekaran'),
	(75, '10139', '0139', 3651, 'Sapta Wuri', 7, 410, 'sapta.wuri'),
	(76, '10803', '0803', 7732, 'Tulus Pandapotan Sastra', 1, 38, 'tulus.sastra'),
	(77, '10083', '0083', 400049, 'Li Yongsheng', 6, 38, 'li.yongsheng'),
	(78, '10153', '0153', 3777, 'Hari Purnomo', 7, 38, 'hari.purnomo'),
	(79, '10155', '0155', 22599, 'Maslap Butar-Butar', 3, 38, ''),
	(80, '10156', '0156', 22601, 'Marni Florentina', 3, 38, ''),
	(81, '10357', '0357', 9090, 'Yoke Elvariani', 6, 38, 'yoke.elvariani'),
	(82, '10383', '0383', 4757, 'Diah Pangastuti', 6, 38, 'diah.pangastuti'),
	(83, '10748', '0748', 7507, 'Arika Murwantina', 6, 38, 'arika.murwantina'),
	(84, '10749', '0749', 7508, 'Yudi KS Pakpahan', 6, 38, 'yudi.pakpahan'),
	(85, '10008', '0008', 578, 'Ayu Pancawati', 1, 116, 'ayu.pancawati'),
	(86, '10033', '0033', 795, 'Yudie Erihansyah', 1, 116, 'yudie.erihansyah'),
	(87, '10184', '0184', 3919, 'Hendri Putra', 1, 116, 'hendri.putra'),
	(88, '10759', '0759', 7525, 'Richard Sarlian Bahy', 6, 116, 'richard.bahy'),
	(89, '10367', '0367', 5348, 'M Rizki Afrian', 1, 116, 'rizki.a'),
	(90, '10160', '0160', 3810, 'Lily Yuliastuty', 6, 116, 'lily.yuliastuty'),
	(91, '10188', '0188', 3955, 'Saut Samosir', 6, 234, 'saut.samosir'),
	(92, '10368', '0368', 4630, 'Gaury Okta Anggraini', 1, 116, 'gaury.anggraini'),
	(93, '10195', '0195', 3983, 'Rendy Darmawan', 9, 116, 'rendy.darmawan@wascoenery.com'),
	(94, '10200', '0200', 400058, 'Raymon Chua', 2, 178, 'raymond.chua@wacoenergy.ocm'),
	(95, '10202', '0202', 3995, 'Rus Intan Weraspati', 6, 178, 'rus.weraspati'),
	(96, '10371', '0371', 4675, 'Achmad Mas’ud Syahfudin', 1, 116, 'achmad.syahfudin@wasoenergy.com'),
	(97, '10206', '0206', 400102, 'Yanwar Sugiantara', 15, 409, 'yanwar.sugiantara'),
	(98, '10208', '0208', 4011, 'Fitri Hasdiyanti', 15, 409, 'fitri.hasdiyanti'),
	(99, '10272', '0272', 4293, 'Okta Susilowati', 6, 409, 'okta.susilowati'),
	(100, '10226', '0226', 4054, 'Josef Benson Gembira Perundungan Sihombing', 4, 166, 'josef.gembira'),
	(101, '10227', '0227', 4060, 'Nika Sapta Konantia', 7, 166, 'nika.konantia'),
	(102, '10385', '0385', 4767, 'Fathia Ulhaq', 1, 116, 'fathia.ulhaq'),
	(103, '10233', '0233', 4104, 'Susi Manurung', 7, 116, 'susi.manurung'),
	(104, '10236', '0236', 5552, 'Mulya Ali Akbar', 4, 39, 'mulya.akbar'),
	(105, '10237', '0237', 4103, 'Didit Andrean\'s Prayogo', 4, 39, 'didit.prayogo'),
	(106, '10238', '0238', 4127, 'Muslim', 7, 39, 'muslim.m'),
	(107, '10397', '0397', 4859, 'Oksinofita, SP', 6, 39, 'oksinofita.o'),
	(108, '10249', '0249', 4233, 'Imran Rosadi', 7, 39, 'imran.rosadi'),
	(109, '10250', '0250', 5536, 'Lilis Suryani Sihombing', 7, 39, 'lilis.sihombing'),
	(110, '10500', '0500', 5396, 'M Supriyadi Marginta', 1, 116, 'supriyadi.marginta'),
	(111, '10657', '0657', 6964, 'Muhammad Fadri Tanjung', 1, 116, 'muhammad.tanjung'),
	(112, '10792', '0792', 7651, 'Rajabmi Sanjaya Putra', 1, 116, 'rajabmi.saputra'),
	(113, '10801', '0801', 7715, 'Hendra Gunawan', 1, 116, 'hendra.gunawan'),
	(114, '10805', '0805', 7731, 'Febrionaldy', 1, 116, 'febrionaldy.f'),
	(115, '10449', '0449', 5206, 'Rizky Anggraeni', 6, 116, 'rizki.anggraeni'),
	(116, '10452', '0452', 5210, 'Gloria Prescyla Latupeirissa', 6, 116, 'gloria.latupeirissa'),
	(117, '10278', '0278', 4297, 'Hesti Noviati', 7, 116, 'hesti.noviati'),
	(118, '10807', '0807', 7738, 'Tandri Syamsi Saputra', 1, 116, 'tandri.saputra'),
	(119, '10478', '0478', 5293, 'Okta Susilowati', 6, 116, 'okta.susilowati'),
	(120, '10814', '0814', 7782, 'USWATUN AZIZATUL SYARQIYAH', 1, 116, 'uswatun.syarqiyah'),
	(121, '10565', '0565', 5999, 'Darma Yuliana', 6, 116, 'darma.yuliana'),
	(122, '10322', '0322', 4427, 'Khaerul Anam', 7, 116, 'khaerul.anam'),
	(123, '10323', '0323', 4245, 'Mustafa', 5, 8, 'mustafa.m'),
	(124, '10324', '0324', 4439, 'Sisma Pratama Arum Putri', 3, 81, 'sisma.putri'),
	(125, '10581', '0581', 6143, 'RAJA SISILYA ANDRIYANI PUTRI', 6, 81, 'sisilya.putri'),
	(126, '10583', '0583', 6177, 'Rini Anggraini Siregar', 6, 81, 'rini.siregar'),
	(127, '10007', '0007', 400003, 'Artemio Pinzon', 1, 81, 'artemio.pinzon'),
	(128, '10825', '0825', 7922, 'Roni Sartika, ST', 1, 81, 'roni.sartika'),
	(129, '10468', '0468', 5272, 'Zoni HEndra', 1, 38, 'zoni.hendra'),
	(130, '10595', '0595', 6256, 'Muhammad Istamar', 6, 38, 'muhammad.istamar'),
	(131, '10469', '0469', 5266, 'Hendri Eka Putra', 1, 38, 'hendri.putra'),
	(132, '10332', '0332', 4450, 'Rafi Zardi', 7, 38, 'rafi.zardi'),
	(133, '10073', '0073', 3503, 'Nurlaila', 6, 38, 'nurlaila.n'),
	(134, '10334', '0334', 4453, 'Hesti Melfrina Br Haloho', 7, 38, 'hesti.haloho'),
	(135, '10335', '0335', 4454, 'Rahmad Hidayah Suherly', 7, 38, 'rahmad.suherly'),
	(136, '10336', '0336', 4455, 'Marojahan Sinaga', 7, 38, 'marojahan.sinaga'),
	(137, '10337', '0337', 4456, 'John Welky Purba', 7, 38, 'john.purba'),
	(138, '10766', '0766', 7560, 'Meda Ulan Sari', 6, 38, 'meda.sari'),
	(139, '10771', '0771', 7575, 'Roy Marden Nine Togatorop', 6, 38, 'roy.togatorop'),
	(140, '10059', '0059', 595, 'Anton Supriono', 6, 38, 'anton.supriono'),
	(141, '10366', '0366', 4626, 'Fridolin Binsar Daniel Marpaung', 6, 38, 'fridolin.binsar'),
	(142, '10633', '0633', 115842, 'Bernando Siahaan', 6, 38, 'bernando.siahaan'),
	(143, '10343', '0343', 12345678, 'Rajendran Nallaiya Gounder', 7, 38, 'rajendran.n'),
	(144, '10034', '0034', 3606, 'Zoni Hendra', 1, 116, 'zoni.hendra'),
	(145, '10472', '0472', 5281, 'Ari Iswahyudi', 1, 116, 'ari.iswahyudi'),
	(146, '10346', '0346', 4533, 'Jamesdin Situmorang', 4, 39, 'jamesdin.situmorang'),
	(147, '10480', '0480', 5295, 'Sri Nurhayati', 1, 116, 'sri.nurhayati'),
	(148, '10514', '0514', 5420, 'Maulana Teguh', 1, 116, 'teguh.maulana'),
	(149, '10242', '0242', 4189, 'Ismail Shaik', 6, 116, 'ismail.shaik'),
	(150, '10350', '0350', 4555, 'Tirta Novika', 7, 116, 'tirta.novika'),
	(151, '10530', '0530', 5594, 'Ozy Rynaldo', 1, 116, 'ozy.rynaldo'),
	(152, '10262', '0262', 4281, 'Budiawan', 6, 116, 'budiawan.b'),
	(153, '10342', '0342', 4362, 'Raden Mochamad Sukmawijaya', 6, 116, 'raden.mochamad'),
	(154, '10352', '0352', 4361, 'Sulpiadi', 6, 116, 'sulpiadi.s'),
	(155, '10437', '0437', 4807, 'Nandus Pakpahan', 6, 116, 'nandus.pakpahan'),
	(156, '10512', '0512', 5417, 'Afrizal', 6, 116, 'afrizal.a'),
	(157, '10556', '0556', 5868, 'Edison', 6, 116, 'edison.e'),
	(158, '10573', '0573', 6123, 'Murali Anbazhagan', 6, 116, 'murali.anbazhagan@wasconergy.com'),
	(159, '10534', '0534', 5751, 'Rafi Firman Saputra', 1, 116, 'rafi.saputra'),
	(160, '10360', '0360', 4615, 'Ragil Hariyanto', 7, 116, 'ragil.hariyanto'),
	(161, '10379', '0379', 4726, 'Riston Silitonga', 6, 116, 'riston.silitonga'),
	(162, '10362', '0362', 4622, 'Dadi Suhadi', 4, 39, 'dadi.suhadi'),
	(163, '10384', '0384', 4758, 'Musno Hardi', 6, 39, 'musno.hardi'),
	(164, '10536', '0536', 5762, 'Sugandi', 1, 116, 'sugandi.s'),
	(165, '10555', '0555', 5940, 'Wanda Nata Pratama', 1, 116, 'wanda.pratama'),
	(166, '10651', '0651', 6828, 'M Sumala Wiria', 6, 116, 'sumala.wiria'),
	(167, '10643', '0643', 6838, 'Eka Saputra', 1, 116, 'eka.saputra'),
	(168, '10806', '0806', 7741, 'BHARATHIDHASAN TANGAIAH', 6, 116, 'bharathi.t'),
	(169, '10058', '0058', 553, 'R.Agustiono Panca Putra', 6, 116, 'agustiono.pancaputra'),
	(170, '10661', '0661', 7014, 'Subbiah Srinivasagam', 6, 116, 'subbiah.srinivasagam'),
	(171, '10376', '0376', 4709, 'Yusman Helly Wijaya', 6, 116, 'yusman.wijaya'),
	(172, '10603', '0603', 6390, 'Sulpiadi', 6, 116, 'sulpiadi.s'),
	(173, '10470', '0470', 5268, 'Yusuf Nana Suryana', 6, 116, 'yusuf.suryana'),
	(174, '10382', '0382', 4731, 'Aria Fauzi Pradipta, ST', 7, 116, 'aria.pradipta'),
	(175, '10482', '0482', 5248, 'Mahyuardi', 6, 116, 'mahyuardi.m'),
	(176, '10602', '0602', 6388, 'Alfajri Sidik', 6, 116, 'alfajri.sidik'),
	(177, '10644', '0644', 6839, 'Rajabmi Sanjaya Putra', 1, 116, 'rajabmi.saputra'),
	(178, '10830', '0830', 7958, 'Bhayu Azhari Picra', 1, 116, 'bhayuazhari.picra'),
	(179, '10389', '0389', 4780, 'Didit Andrean’s Prayogo', 4, 39, 'didit.prayogo'),
	(180, '10390', '0390', 4797, 'Martunis', 7, 39, 'martunis.m'),
	(181, '10571', '0571', 5824, 'HARIS TRI HANDHOKO', 1, 39, 'haris.handhoko'),
	(182, '10392', '0392', 4686, 'Heri Kuswanto', 4, 39, 'heri.kuswanto'),
	(183, '10393', '0393', 4687, 'Sutiswan', 4, 39, 'sutiswan.s'),
	(184, '10610', '0610', 6493, 'MATTHEW JOHN COOMBE', 6, 371, 'matthew.coombe'),
	(185, '10396', '0396', 4847, 'Sujarno', 7, 371, 'sujarno.s'),
	(186, '10714', '0714', 7400, 'MARUASAS MANALU', 6, 252, 'maruasas.manalu'),
	(187, '10818', '0818', 7835, 'Taufik Hidayah', 6, 252, 'taufik.hidayah'),
	(188, '10399', '0399', 4875, 'Dedi Damanik', 7, 252, 'dedi.damanik'),
	(189, '10400', '0400', 4874, 'Sutiswan', 4, 39, 'sutiswan.s'),
	(190, '10401', '0401', 5551, 'Muhamad Teguh', 4, 39, 'muhamad.teguh'),
	(191, '10402', '0402', 4878, 'Muhammad Fauji', 4, 39, 'muhammad.fauji'),
	(192, '10164', '0164', 3853, 'Samsuddin', 6, 39, 'samsuddin.s'),
	(193, '10404', '0404', 4725, 'Reynold Hutagalung', 7, 39, 'reynold.hutagalung'),
	(194, '10405', '0405', 4886, 'Muhamad Anwar', 7, 39, 'muhamad.anwar'),
	(195, '10782', '0782', 400127, 'Vignesh Murugan', 1, 39, 'Vignesh Murugan'),
	(196, '10349', '0349', 4540, 'Ganda James Tampubolon', 6, 39, 'ganda.tampubolon'),
	(197, '10408', '0408', 4889, 'Sapta Wuri', 7, 39, 'sapta.wuri'),
	(198, '10409', '0409', 4970, 'Ismail', 7, 39, 'ismail.i'),
	(199, '10410', '0410', 4862, 'Lidya Astuti', 7, 39, 'lidya.astuti'),
	(200, '10411', '0411', 4973, 'Herbert Hartomo Arbi Manik', 7, 39, 'herbert.manik'),
	(201, '10412', '0412', 4979, 'Prianda Sinaga', 7, 39, 'prianda.sinaga'),
	(202, '10413', '0413', 4996, 'Marojahan Sinaga', 7, 39, 'marojahan.sinaga'),
	(203, '10415', '0415', 5003, 'Hafiludin', 7, 39, 'hafiludin.h'),
	(204, '10416', '0416', 5004, 'Reki Hermawan', 7, 39, 'reki.hermawan'),
	(205, '10417', '0417', 5005, 'Yunirsan Herawan', 7, 39, 'yunirsan.herawan'),
	(206, '10418', '0418', 5007, 'Suherri', 7, 39, 'suherri.s'),
	(207, '10617', '0617', 6633, 'Zikri Aulia', 6, 39, 'zikri.aulia'),
	(208, '10420', '0420', 5009, 'Ragil Elitrizal', 7, 39, 'ragil.elitrizal'),
	(209, '10422', '0422', 400078, 'Gowthamraj Venkataraju', 7, 39, 'gowthamraj.v'),
	(210, '10424', '0424', 5017, 'Manatar Manurung', 7, 39, 'manatar.manurung'),
	(211, '10680', '0680', 4677, 'Rizki Mawara', 6, 39, 'rizki.marmara'),
	(212, '10321', '0321', 4423, 'Nova Kurniawan', 6, 39, 'nova.kurniawan'),
	(213, '10427', '0427', 5021, 'Zainuddin', 4, 39, 'zainuddin.z'),
	(214, '10428', '0428', 5087, 'Erikson Turnip', 4, 212, 'erikson.turnip'),
	(215, '10429', '0429', 5071, 'Said Yusriansyah', 4, 39, 'said.yusriansyah'),
	(216, '10430', '0430', 5085, 'Andrew Bagus Wicaksono Verdyanwar', 5, 318, 'andrew.verdyanwar'),
	(217, '10431', '0431', 5023, 'Kevin Alnizar', 5, 318, 'kevin.alnizar'),
	(218, '10064', '0064', 233, 'Yanto Maryadi', 6, 318, 'yanto.maryadi'),
	(219, '10062', '0062', 629, 'Rudy', 6, 318, 'rudy.r'),
	(220, '10682', '0682', 7209, 'Dedi Junaidi', 6, 318, 'dedi.junaidi'),
	(221, '10067', '0067', 508, 'Firman Edi', 6, 318, 'firman.edi'),
	(222, '10325', '0325', 4428, 'Azman Asriyadi', 6, 318, 'azman.asriyadi'),
	(223, '10678', '0678', 7231, 'DEPRI PRIATNO', 6, 318, 'depri.priatno'),
	(224, '10747', '0747', 7506, 'Chris Hadinata', 6, 318, 'chris.hadinata'),
	(225, '10338', '0338', 4463, 'Saravana Kumar Subramaniam', 6, 318, 'saravana.kumar'),
	(226, '10645', '0645', 6844, 'Mureen Denggani Samosir', 6, 318, 'mureen.samosir'),
	(227, '10442', '0442', 5148, 'Tagor Hutapea', 7, 318, 'tagor.hutapea'),
	(228, '10443', '0443', 5475, 'Shela Puspita', 2, 164, 'shela.puspita'),
	(229, '10444', '0444', 5135, 'Erland', 7, 164, 'erland.e'),
	(230, '10523', '0523', 2217, 'Endri Budi Jaya', 6, 164, 'endri.jaya'),
	(231, '10446', '0446', 5180, 'Marthinus Hinra Pandapotan Raja Gukguk', 7, 164, 'marthinus.r'),
	(232, '10447', '0447', 400646, 'Wilda Febriani', 7, 164, 'wilda.febriani'),
	(233, '10572', '0572', 6125, 'Sureshkumar Karuppaiah', 6, 164, 'sureshkumar.k'),
	(234, '10616', '0616', 6565, 'Jesman Sirait', 6, 164, 'jesman.sirait'),
	(235, '10084', '0084', 3611, 'Abdul Saleem', 6, 164, 'abdul.saleem'),
	(236, '10724', '0724', 7443, 'Jisman Sinaga', 6, 164, 'jisman.sinaga'),
	(237, '10770', '0770', 7572, 'Todi Fitriosa', 6, 164, 'todi.fitriosa'),
	(238, '10783', '0783', 7598, 'Suharto', 6, 164, 'suharto.s'),
	(239, '10485', '0485', 5323, 'Khairul Azmi', 1, 116, 'khairul.azmi'),
	(240, '10425', '0425', 5018, 'Desman Simanjuntak', 6, 116, 'desman.simanjuntak'),
	(241, '10433', '0433', 5103, 'Maston Silalahi', 6, 116, 'maston.silalahi'),
	(242, '10547', '0547', 5888, 'DWI SUSANTO', 1, 198, 'dwi.susanto'),
	(243, '10558', '0558', 5890, 'HERRI IRAWANTO', 1, 198, 'herri.irawanto'),
	(244, '10505', '0505', 5406, 'Safarul Azmi', 1, 198, 'safarul.azmi'),
	(245, '10148', '0148', 3687, 'Musriady', 1, 198, 'musriady.m'),
	(246, '10359', '0359', 4610, 'Musriady', 1, 198, 'musriady.m'),
	(247, '10666', '0666', 7044, 'IDA AYU PUTU SULISTYAWATI', 1, 383, 'ida.sulistyawati'),
	(248, '10535', '0535', 5752, 'Rendy Putra Pratama', 1, 364, 'rendy.pratama'),
	(249, '10252', '0252', 4249, 'Ghani Andika Wiryawan', 1, 120, 'ghani.wirawan'),
	(250, '10483', '0483', 92321, 'Chandramohan Settu', 1, 120, 'chandramohan.settu'),
	(251, '10495', '0495', 5369, 'Irvan Nugraha', 1, 120, 'irvan.nugraha'),
	(252, '10836', '0836', 400080, 'Rajasekar Sathamorthy', 1, 120, 'rajasekar.s'),
	(253, '10340', '0340', 4483, 'Muhammad Azhari', 6, 120, 'muhammad.azhari'),
	(254, '10667', '0667', 400109, 'Gopal Pitchaimani', 1, 398, 'gopal.pitchaimani'),
	(255, '10281', '0281', 4299, 'Dian Nugraha', 1, 232, 'dian.nugraha'),
	(256, '10546', '0546', 5887, 'DIAN YUDISTIRA HADI', 1, 232, 'dian.hadi'),
	(257, '10800', '0800', 7714, 'Mike Lies Andaro', 1, 232, 'mike.andaro'),
	(258, '10351', '0351', 400625, 'M Rizki Afrian', 1, 232, 'rizki.a'),
	(259, '10031', '0031', 698, 'Wahyu Satria', 1, 232, 'wahyu.satria'),
	(260, '10477', '0477', 4800011, 'Udayakumar Seethapathy', 1, 424, 'udayakumar.s'),
	(261, '10356', '0356', 4590, 'Walker Pardede', 6, 424, 'walker.pardede'),
	(262, '10458', '0458', 654356, 'Subbu Nelluru', 1, 424, 'subbu.nelluru'),
	(263, '10615', '0615', 400107, 'ADARSH RAJARAM', 1, 429, 'adarsh.rajaram'),
	(264, '10739', '0739', 400123, 'Selvaraj Vellian', 6, 429, 'selvaraj.vellian'),
	(265, '10823', '0823', 7921, 'Voon Pok Shing', 6, 429, 'voon.pokshing'),
	(266, '10257', '0257', 4273, 'Abdul Ajid', 1, 310, 'abdul.ajid'),
	(267, '10260', '0260', 4278, 'Husaini', 1, 310, 'husaini.h'),
	(268, '10256', '0256', 4219, 'Bhakti Yunanto', 1, 310, 'bhakti.yunanto'),
	(269, '10486', '0486', 5334, 'Muhamad Hadi Margono', 1, 310, 'hadi.margono'),
	(270, '10545', '0545', 5886, 'BURHAN', 1, 310, 'burhan.b'),
	(271, '10548', '0548', 5889, 'IMAM SAHBANI', 1, 310, 'imam.sahbani'),
	(272, '10669', '0669', 7141, 'Sudirman', 1, 310, 'sudirman.s'),
	(273, '10261', '0261', 4279, 'Lutfi', 1, 310, 'lutfi.l'),
	(274, '10824', '0824', 400131, 'Chiang Choon Keong', 6, 310, 'choonkeong.chiang'),
	(275, '10529', '0529', 5572, 'Panogu Simanjuntak', 6, 310, 'panogu.simanjuntak'),
	(276, '10329', '0329', 4446, 'Catur Kusmiyono', 1, 310, 'catur.kusmiyono'),
	(277, '10494', '0494', 5359, 'Ahmat Suhat', 4, 39, 'amat.suhat'),
	(278, '10670', '0670', 7142, 'Rahmat Soleh', 1, 39, 'rahmat.soleh'),
	(279, '10496', '0496', 5377, 'Dyah Pramesti Wulandini', 7, 39, 'dyah.wulandini'),
	(280, '10497', '0497', 5378, 'Josua Pardede', 4, 209, 'josua.pardede'),
	(281, '10828', '0828', 7945, 'Husaini', 1, 310, 'husaini.h'),
	(282, '10729', '0729', 7453, 'Azhar', 6, 310, 'azhar.a'),
	(283, '10832', '0832', 7967, 'Feryanto Putra', 1, 310, 'feryanto.putra'),
	(284, '10799', '0799', 7713, 'Suwahyo', 6, 310, 'suwahyo.s'),
	(285, '10502', '0502', 5402, 'Hasmi. S', 2, 164, 'hasmi.s'),
	(286, '10454', '0454', 5230, 'Yudho Setyo Wicaksono', 1, 28, 'yudho.wicaksono'),
	(287, '10796', '0796', 7652, 'Marjasa Ulitua Manurung', 6, 28, 'marjasa.manurung'),
	(288, '10819', '0819', 7820, 'Nofialdi', 1, 28, 'nofialdi.n'),
	(289, '10506', '0506', 5408, 'Asteria Viany', 2, 164, 'asteria.viany'),
	(290, '10507', '0507', 5410, 'Wazidni', 7, 164, 'wazidni.w'),
	(291, '10694', '0694', 7333, 'Azis Iskandar', 6, 164, 'azis.iskandar'),
	(292, '10152', '0152', 3773, 'Hedron Andri Silalahi', 6, 164, 'hedron.silalahi'),
	(293, '10510', '0510', 5416, 'Arya Surya Perdana', 7, 164, 'arya.perdana'),
	(294, '10511', '0511', 5418, 'Nova Sinambela', 3, 274, 'nova.sinambela'),
	(295, '10339', '0339', 4465, 'Arman', 6, 274, 'arman.a'),
	(296, '10513', '0513', 5419, 'Sigit Dedy Sofian', 7, 274, 'sigit.sofian'),
	(297, '10812', '0812', 7764, 'Yanu Damar Alamsyah', 1, 316, 'yanu.alamsyah'),
	(298, '10515', '0515', 400653, 'Mahmud Sulin', 1, 316, 'mahmud.sulin'),
	(299, '10516', '0516', 400654, 'Ravi Kumar Ansurolu', 7, 316, 'ravikumar.ansurolu'),
	(300, '10381', '0381', 4752, 'Endrizal', 6, 316, 'endrizal.z'),
	(301, '10518', '0518', 4997, 'SORITUA SUPRAPTO', 9, 292, 'soritua.suprapto'),
	(302, '10456', '0456', 5213, 'Julinton Rinaldo Sitinjak', 6, 292, 'julinton.sitinjak'),
	(303, '10542', '0542', 5829, 'Jumadil Palendra', 6, 292, 'jumadil.palendra'),
	(304, '10525', '0525', 5471, 'Xavier Chevin Hamonangan Pohan', 9, 292, 'xavier.pohan'),
	(305, '10526', '0526', 400655, 'Nabila Fauziah Putri Nabila', 7, 292, 'nabila.prasetya'),
	(306, '10527', '0527', 5538, 'Romeita Cayma', 7, 292, 'romeita.cayma'),
	(307, '10528', '0528', 5565, 'Edwardo Florent Boy Yulianto', 7, 292, 'edwardo.yulianto'),
	(308, '10668', '0668', 5571, 'Goklas Nababan', 6, 292, 'goklas.nababan'),
	(309, '10479', '0479', 5294, 'Baharrudin', 1, 50, 'baharrudin.b'),
	(310, '10531', '0531', 5653, 'Arif Saifudin', 7, 50, 'arif.saifudin'),
	(311, '10532', '0532', 5654, 'Muhammad Nasir', 7, 50, 'muhammad.nasir'),
	(312, '10533', '0533', 5655, 'Putra Hamonangan Sibuea', 7, 50, 'putra.sibuea'),
	(313, '10011', '0011', 3559, 'Boy Sandi', 1, 50, 'boy.sandi'),
	(314, '10564', '0564', 6023, 'Wahyumithali Hameliani', 1, 50, 'wahyumithali.h'),
	(315, '10471', '0471', 5280, 'Wawan Misbahul Anwar, ST', 1, 331, 'wawan.anwar'),
	(316, '10344', '0344', 5347, 'Prayogo Hadi Saputro', 1, 263, 'prayogo.saputro'),
	(317, '10538', '0538', 5782, 'Alexander Siahaan', 4, 39, 'alexander.siahaan'),
	(318, '10539', '0539', 5783, 'Sutarno Ubani Pakpahan', 4, 39, 'sutarno.pakpahan'),
	(319, '10673', '0673', 7210, 'Andes Fahmi', 6, 39, 'andes.fahmi'),
	(320, '10354', '0354', 4577, 'Heri Buntoro', 6, 39, 'heri.buntoro'),
	(321, '10375', '0375', 4688, 'Beny Gusmal', 6, 39, 'beny.gusmal'),
	(322, '10543', '0543', 5870, 'Rifkiyandi', 6, 39, 'rifkiyandi.r'),
	(323, '10398', '0398', 4877, 'Restinaf Rialdi', 6, 39, 'restinaf.rialdi'),
	(324, '10808', '0808', 7774, 'SUHENDAR', 1, 313, 'suhendar.s'),
	(325, '10488', '0488', 4800004, 'Jalish Joy', 1, 334, 'jalish.joy'),
	(326, '10498', '0498', 5389, 'Lukman Nurman Hakim', 1, 352, 'lukman.hakim'),
	(327, '10611', '0611', 6494, 'MARULI SIMORANGKIR', 1, 243, 'maruli.simorangkir'),
	(328, '10550', '0550', 5928, 'SUHENDAR', 1, 243, 'suhendar.s'),
	(329, '10551', '0551', 5898, 'ANTONY CANG', 9, 31, 'antony.cang'),
	(330, '10326', '0326', 4440, 'Aprinaldi', 6, 227, 'aprinaldi.a'),
	(331, '10554', '0554', 5959, 'Wulan Sankhoto', 7, 227, 'wulan.sankhoto'),
	(332, '10489', '0489', 88977, 'HAPPY HARIDAS', 1, 230, 'happy.haridas'),
	(333, '10353', '0353', 4573, 'Oka Hertaber Priyadi', 6, 227, 'oka.priyadi'),
	(334, '10553', '0553', 5915, 'Edi Ahmad', 6, 227, 'edi.ahmad'),
	(335, '10461', '0461', 4680, 'Rahmad Susanto', 1, 24, 'rahmad.susanto@wwascoenergy.com'),
	(336, '10559', '0559', 5939, 'Bernando Siregar', 7, 24, 'bernando.siregar'),
	(337, '10560', '0560', 5968, 'Kasim Situmorang', 7, 24, 'kasim.situmorang'),
	(338, '10561', '0561', 5969, 'Supriyanto', 7, 24, 'supriyanto.s'),
	(339, '10562', '0562', 5970, 'Pangihutan Simbolon', 7, 24, 'pangihutan.simbolon'),
	(340, '10563', '0563', 5971, 'Nanang Purnawan', 7, 24, 'nanang.purnawan'),
	(341, '10465', '0465', 4994, 'MUHAMMAD ABDUL HAMID', 1, 225, 'muhammad.hamid'),
	(342, '10578', '0578', 6069, 'Zulfiaris', 6, 225, 'zulfiaris.z'),
	(343, '10590', '0590', 6146, 'Pinda Rizal Roosevolt Sitorus', 6, 225, 'pinda.sitorus'),
	(344, '10599', '0599', 6305, 'Sutrisno', 6, 225, 'sutrisno.s'),
	(345, '10215', '0215', 4678, 'Handi Muliawan', 6, 225, 'handi.muliawan'),
	(346, '10466', '0466', 5193, 'NURHABIEB ADI PUTRA', 1, 225, 'nurhabieb.putra'),
	(347, '10804', '0804', 7730, 'Handi Muliawan', 6, 225, 'handi.muliawan'),
	(348, '10457', '0457', 5231, 'Hariis Junaidi', 6, 225, 'harris.junaidi'),
	(349, '10820', '0820', 7654, 'Agung Permana', 6, 225, 'agung.permana'),
	(350, '10686', '0686', 7244, 'Pratama Pasaribu', 6, 225, 'pratama.pasaribu'),
	(351, '10407', '0407', 4891, 'Hendro V Gultom', 6, 225, 'hendro.gultom'),
	(352, '10577', '0577', 6067, 'Nur Syahirah', 3, 81, 'nur.syahirah'),
	(353, '10741', '0741', 674958, 'Nawapol Reewet', 6, 81, 'nawapol.reewet'),
	(354, '10579', '0579', 6014, 'Firmansyah', 3, 112, 'firmansyah.f'),
	(355, '10580', '0580', 6079, 'Slamet Riady', 9, 112, 'slamet.riady'),
	(356, '10377', '0377', 4713, 'Kurniadi', 6, 112, 'kurniadi.k'),
	(357, '10642', '0642', 34895, 'Rhony Aditya Setia Budi', 1, 225, 'rhony.aditya'),
	(358, '10757', '0757', 7523, 'Taufik Hidayat', 6, 225, 'taufik.hidayat'),
	(359, '10584', '0584', 6158, 'Marvel Brain Pasaribu', 4, 39, 'marvel.pasaribu'),
	(360, '10585', '0585', 6170, 'Ramli Siahaan', 4, 39, 'ramli.siahaan'),
	(361, '10481', '0481', 400087, 'Douglas Guild', 6, 39, 'douglas.guild'),
	(362, '10587', '0587', 6174, 'Pesta Situmorang', 7, 39, 'pesta.situmorang'),
	(363, '10476', '0476', 34217, 'Vijay Anand', 1, 347, 'vijayanand.s'),
	(364, '10187', '0187', 3953, 'Andy A', 6, 347, 'andy.a'),
	(365, '10355', '0355', 4578, 'M Iskandar', 6, 347, 'iskandar.i'),
	(366, '10450', '0450', 5207, 'Herman Syahputra Nst', 6, 347, 'herman.syahputra'),
	(367, '10491', '0491', 5361, 'Yusuf ', 6, 347, 'yusuf.y'),
	(368, '10594', '0594', 6255, 'Hendra Aneka Tambunan', 7, 347, 'hendra.tambunan'),
	(369, '10492', '0492', 5362, 'Mochammad Anis', 6, 347, 'mochammad.anis'),
	(370, '10499', '0499', 5390, 'Akhmad Mujib Tahit', 6, 347, 'akhmad.tahit'),
	(371, '10596', '0596', 6271, 'Eko Rama Parulian Sitanggang', 6, 347, 'eko.sitanggang'),
	(372, '10725', '0725', 7450, 'Indra Aris Choirurroziqin', 6, 347, 'indra.choirurroziqin'),
	(373, '10742', '0742', 7478, 'PRASANNA KUMAR DHANASEKARAN', 6, 347, 'prasanna.d'),
	(374, '10600', '0600', 6321, 'Dede Fitriano', 4, 39, 'dede.fitriano'),
	(375, '10601', '0601', 6320, 'Amza Silaban', 7, 39, 'amza.silaban'),
	(376, '10815', '0815', 259463, 'Peter Jorn', 6, 39, 'peter.jorn'),
	(377, '10125', '0125', 400027, 'Wiselin Rajaretnam', 6, 39, 'wiselin.rajaretnam'),
	(378, '10604', '0604', 6334, 'Lina Luxman Sari', 7, 39, 'lina.sari'),
	(379, '10605', '0605', 6389, 'Lisniati', 7, 39, 'lisniati.l'),
	(380, '10606', '0606', 400660, 'Muhammad Renol Hakim', 7, 39, 'rennol.hakim'),
	(381, '10608', '0608', 6401, 'Nurkholidin', 7, 39, 'nurkholidin.n'),
	(382, '10609', '0609', 6432, 'Rico Hamdhani', 7, 39, 'rico.hamdhani'),
	(383, '10162', '0162', 3823, 'Mohammad Arif', 6, 39, 'mohammad.arif'),
	(384, '10614', '0614', 6536, 'ANDRIZAL', 1, 49, 'andrizal.a'),
	(385, '10612', '0612', 6495, 'SITI AYSYAH SIBUEA', 7, 44, 'siti.sibuea'),
	(386, '10613', '0613', 6497, 'ATIKA NUR HIKMAH JALIL', 9, 44, 'atika.jalil'),
	(387, '10503', '0503', 5404, 'Alhamza Hutagalung', 1, 34, 'alhamza.hutagalung'),
	(388, '10475', '0475', 4800003, 'Dominic Raja Selvaraj', 1, 159, 'dominicraja.s'),
	(389, '10361', '0361', 4623, 'Yutendra Ismail', 6, 159, 'yutendra.ismail'),
	(390, '10378', '0378', 4716, 'Victor Parulian Mangunsong', 6, 159, 'victor.mangunsong'),
	(391, '10618', '0618', 6647, 'Elgustia Novica', 7, 159, 'elgustia.novica@wascoenergy.ocom'),
	(392, '10619', '0619', 6640, 'Winata Nugraha Saputra', 7, 159, 'winata.saputra'),
	(393, '10028', '0028', 3521, 'Mohamad Rizal Firdaus', 1, 49, 'rizal.firdaus'),
	(394, '10621', '0621', 464646, 'Ping Hiow Cheng', 4, 218, 'hiowcheng.ping'),
	(395, '10175', '0175', 3888, 'Asika Muliono', 1, 49, 'asika.muliono'),
	(396, '10623', '0623', 6704, 'Indah Utami', 9, 49, 'indah.utami'),
	(397, '10624', '0624', 6703, 'Mahmud Sulin', 7, 49, 'mahmud.sulin'),
	(398, '10625', '0625', 6685, 'Jimmi Carda Gyltom', 7, 49, 'jimmi.gultom'),
	(399, '10626', '0626', 6700, 'Devid Yuswan', 7, 49, 'devid.yuswan'),
	(400, '10627', '0627', 6701, 'Edri', 7, 49, 'edri.e'),
	(401, '10628', '0628', 6702, 'Ayu Rohadatul Aisy', 7, 49, 'ayu.aisy'),
	(402, '10395', '0395', 4839, 'IR EDWIN ARIAWAN', 6, 49, 'edwin.ariawan'),
	(403, '10630', '0630', 35789, 'Buyung Nulhakim', 7, 49, 'buyung.nulhakim'),
	(404, '10631', '0631', 6775, 'Antonius Nababan', 7, 49, 'antonius.nababan'),
	(405, '10632', '0632', 6776, 'Feri Pratama', 7, 49, 'feri.pratama'),
	(406, '10419', '0419', 5008, 'Rudy Yosafat Butar Butar', 6, 49, 'rudy.yosafat'),
	(407, '10634', '0634', 6815, 'Nurmawan', 7, 49, 'nurmawan.n'),
	(408, '10635', '0635', 6810, 'Oktavianus Tampubolon', 7, 49, 'oktavianus.t'),
	(409, '10636', '0636', 6811, 'Mehmed Annur', 7, 49, 'mehmed.annur'),
	(410, '10637', '0637', 6812, 'Dadi Suhadi', 4, 39, 'dadi.suhadi'),
	(411, '10435', '0435', 5108, 'Dody Sujasman', 6, 39, 'dody.sujasman'),
	(412, '10438', '0438', 5116, 'Onsugiharno', 6, 39, 'onsugiharno.o'),
	(413, '10640', '0640', 74123, 'Norman Holman', 7, 39, 'norman.holman'),
	(414, '10459', '0459', 5264, 'Riyan ', 1, 49, 'riyan.r'),
	(415, '10460', '0460', 5265, 'Firman Rianto', 1, 49, 'firman.rianto'),
	(416, '10462', '0462', 5212, 'Maskun Hariyono', 1, 49, 'maskun.hariyono'),
	(417, '10490', '0490', 5349, 'Metza Erfan', 1, 49, 'metza.erfan'),
	(418, '10509', '0509', 5411, 'Riga Rekso Permana', 6, 49, 'riga.permana'),
	(419, '10582', '0582', 5962, 'CANRIS SITUMORANG', 1, 49, 'canris.situmorang'),
	(420, '10647', '0647', 6859, 'Muhamad Fakhururrozy Sinaga', 7, 49, 'muhammad.sinaga'),
	(421, '10648', '0648', 6860, 'Reni Sudanci', 7, 49, 'reni.sudanci'),
	(422, '10649', '0649', 6861, 'NADIAH YUSANI MAHIRAH.S', 7, 49, 'nadiah.mahirah'),
	(423, '10650', '0650', 6862, 'ENDAH NURCHAYATI', 7, 49, 'endah.nurchayati'),
	(424, '10541', '0541', 5838, 'Victor Parulian Mangunsong', 6, 49, 'victor.mangunsong'),
	(425, '10588', '0588', 5961, 'Ahmad Maridi', 1, 49, 'ahmad.maridi'),
	(426, '10646', '0646', 6858, 'Sadri Hidayat', 1, 49, 'sadri.hidayat'),
	(427, '10557', '0557', 5967, 'Moh Hafidz Efendy', 6, 49, 'hafidz.efendy'),
	(428, '10655', '0655', 6914, 'Hitler Ambarita', 7, 49, 'hitler.ambarita'),
	(429, '10656', '0656', 6941, 'Mukran Hasiholan Matondang', 7, 49, 'mukran.matondang'),
	(430, '10652', '0652', 6897, 'Devi Riyadi', 1, 49, 'devi.riyadi'),
	(431, '10658', '0658', 6963, 'Syafrizal', 7, 49, 'syafrizal.s'),
	(432, '10597', '0597', 6295, 'Slamet Fardyanto', 6, 49, 'slamet.fardyanto'),
	(433, '10660', '0660', 6988, 'Bambang Wicaksono', 6, 49, 'bambang.wicaksono'),
	(434, '10676', '0676', 7183, 'NANIK HANDAYANI', 6, 124, 'nanik.handayani'),
	(435, '10662', '0662', 7020, 'Nurdian Nazar', 7, 124, 'nurdian.nazar'),
	(436, '10663', '0663', 7021, 'Yan Sbastian Oktariana', 7, 124, 'yan.sbastian'),
	(437, '10664', '0664', 7022, 'Rindang Tia Simatupang', 7, 124, 'rindang.simatupang'),
	(438, '10769', '0769', 7568, 'Rapael Sitinjak', 6, 124, 'rapael.sitinjak'),
	(439, '10653', '0653', 6936, 'Achmad Firman Firdaus', 1, 49, 'achmad.firdaus'),
	(440, '10012', '0012', 1667, 'Dani Fazrin', 1, 34, 'dani.fazrin'),
	(441, '10756', '0756', 7517, 'Yogi Cahaya Putra', 6, 34, 'yogi.putra'),
	(442, '10022', '0022', 676, 'Misradi', 1, 34, 'misradi'),
	(443, '10024', '0024', 3492, 'Muhammad Sukarmin', 1, 34, 'muhammad.sukarmin'),
	(444, '10671', '0671', 400145, 'Arun Kannadath', 7, 34, 'arun.k'),
	(445, '10758', '0758', 7524, 'Tasrif Oktafiandi', 6, 34, 'tasrif.oktafiandi'),
	(446, '10767', '0767', 7563, 'Husnan Toha', 6, 34, 'husnan.toha'),
	(447, '10674', '0674', 7207, 'Nur Halim', 7, 34, 'nur.halim'),
	(448, '10675', '0675', 7208, 'Dedy Suharyanto', 7, 34, 'dedy.suharyanto'),
	(449, '10746', '0746', 7483, 'Bambang Wijaya', 6, 34, 'bambang.wijaya'),
	(450, '10677', '0677', 7230, 'TAUFIK MUKMINURACHMAN', 7, 34, 'taufik.m'),
	(451, '10750', '0750', 7509, 'Hamdani', 6, 34, 'hamdani.h'),
	(452, '10569', '0569', 6013, 'Djamaluddin', 6, 34, 'djamaluddin.m'),
	(453, '10570', '0570', 6048, 'Mulyadi Putra', 6, 34, 'mulyadi.putra'),
	(454, '10681', '0681', 5997, 'Parulas Pandeangan', 7, 34, 'parulas.pandeangan'),
	(455, '10440', '0440', 5134, 'Radinal Ramnuari', 6, 34, 'radinal.ramnuari'),
	(456, '10025', '0025', 3017, 'Purnomo', 1, 34, 'purnomo.p'),
	(457, '10030', '0030', 3072, 'Wachid Ridwan', 1, 34, 'wachid.ridwan'),
	(458, '10445', '0445', 5176, 'Tri Agus Setiyawan', 6, 34, 'tri.setiyawan'),
	(459, '10755', '0755', 7222, 'Surya Chandra Sihombing', 6, 34, 'surya.sihombing'),
	(460, '10687', '0687', 7243, 'Riki Fatrianto', 7, 34, 'riki.fatrianto'),
	(461, '10659', '0659', 6987, 'Djefis Sutiono', 6, 34, 'djefis.sutiono'),
	(462, '10793', '0793', 7653, 'Manahan Manurung', 6, 34, 'manahan.manurung'),
	(463, '10501', '0501', 5395, 'Hotmasi Nainggolan', 6, 34, 'hotmasi.nainggolan'),
	(464, '10691', '0691', 7299, 'Ferlinah', 3, 250, 'ferlinah.f'),
	(465, '10692', '0692', 7313, 'Merci Sitorus', 3, 427, 'merci.sitorus'),
	(466, '10693', '0693', 7311, 'Hendy Nugraha', 7, 427, 'hendy.nugraha'),
	(467, '10079', '0079', 3515, 'Carles Rajagukguk', 6, 427, 'carles.rajagukguk'),
	(468, '10695', '0695', 7334, 'James Simanjuntak', 7, 427, 'james.simanjuntak'),
	(469, '10696', '0696', 7371, 'Lidiawati', 2, 113, 'lidia.wati'),
	(470, '10697', '0697', 7372, 'MUZZAMMIL', 7, 40, 'muzzammil.m'),
	(471, '10698', '0698', 7373, 'SABAM NIKSON MONIAGA PAKPAHAN', 7, 40, 'sabam.pakpahan'),
	(472, '10699', '0699', 7374, 'SATRIA MEIRIWIJAYA', 7, 40, 'satria.meiriwijaya'),
	(473, '10700', '0700', 7375, 'FADLIL', 7, 40, 'fadlil.f'),
	(474, '10701', '0701', 7376, 'OTTO EFENDY TAMPUBOLON', 7, 40, 'otto.tampubolon'),
	(475, '10702', '0702', 7377, 'MANASE SUTARDI SIANTURI', 7, 40, 'manase.sianturi'),
	(476, '10703', '0703', 7378, 'IRNAS', 7, 40, 'irnas.i'),
	(477, '10704', '0704', 7399, 'Petrus Jasmin Manalu', 7, 40, 'petrus.manalu'),
	(478, '10705', '0705', 7404, 'ROY MANIK', 4, 39, 'roy.manik'),
	(479, '10706', '0706', 7405, 'SAPTINOL', 4, 39, 'saptinol.s'),
	(480, '10707', '0707', 7412, 'OSMAR SIAHAAN', 4, 234, 'osmar.siahaan'),
	(481, '10708', '0708', 7413, 'ELEKSON SARAGI', 7, 48, 'elekson.saragi'),
	(482, '10709', '0709', 7414, 'MULIANTO SINAGA', 7, 219, 'mulianto.sinaga'),
	(483, '10710', '0710', 7403, 'ICHWAN MAULANA', 5, 242, 'ichwan.maulana'),
	(484, '10711', '0711', 400119, 'MARCUS RALPH', 7, 242, 'marcus.ralph'),
	(485, '10712', '0712', 56001, 'IR JUNAIDI', 7, 242, 'ir.junaidi'),
	(486, '10713', '0713', 7420, 'ZULHARIANSYAH', 7, 242, 'zulhariansyah.z'),
	(487, '10116', '0116', 400007, 'Colin Lim', 6, 304, 'colin.lim'),
	(488, '10715', '0715', 7421, 'ANGELITA', 7, 304, 'angelita.a'),
	(489, '10717', '0717', 7426, 'ISMAIL ARAFAT', 7, 304, 'ismail.arafat'),
	(490, '10718', '0718', 7427, 'YERSINAR Y', 7, 304, 'yersinar.y'),
	(491, '10719', '0719', 7428, 'INGGRID LESTARI', 7, 304, 'inggrid.lestari'),
	(492, '10451', '0451', 123123, 'Gokul Hariharan', 6, 304, 'gokul.hariharan'),
	(493, '10403', '0403', 4879, 'Cin Khian', 6, 304, 'cin.khian'),
	(494, '10722', '0722', 7435, 'Albert', 7, 304, 'albert.a'),
	(495, '10723', '0723', 7442, 'Masruro', 7, 304, 'masruro.m'),
	(496, '10802', '0802', 7727, 'Jannes Pasaribu', 6, 304, 'jannes.pasaribu'),
	(497, '10574', '0574', 6124, 'Senthilkumar Amirthalingam', 6, 304, 'senthilkumar.a'),
	(498, '10166', '0166', 3843, 'Dian Pramono', 1, 34, 'dian.pramono'),
	(499, '10193', '0193', 3973, 'Chandra Syamsi Saputra', 1, 34, 'chandra.saputra'),
	(500, '10426', '0426', 4927, 'Paber Samosir', 6, 278, 'paber.samosir'),
	(501, '10763', '0763', 7539, 'Muhammad Ifdhal', 6, 278, 'muhammad.ifdhal'),
	(502, '10730', '0730', 400122, 'Glenn Schumann', 7, 278, 'glenn.schumann'),
	(503, '10731', '0731', 7460, 'MUHAMMAD MAHIR IRFAN', 7, 278, 'mahir.irfan'),
	(504, '10732', '0732', 6468, 'ELVI WAHYUNI', 7, 72, 'elvi.wahyuni'),
	(505, '10798', '0798', 7675, 'Tomi Setiawan', 6, 72, 'tomi.setiawan'),
	(506, '10593', '0593', 6254, 'Zulhasben, SE', 6, 72, 'zulhasben.z'),
	(507, '10735', '0735', 7472, 'Era Swasta Sibarani', 7, 72, 'era.sibarani'),
	(508, '10736', '0736', 7470, 'VENNY DEVERA AHMADI', 9, 72, 'SUPPLY CHAIN'),
	(509, '10738', '0738', 7473, 'OSA SETIAWAN', 7, 72, 'osa.setiawan'),
	(510, '10071', '0071', 1321, 'Kamma Mohan Praveen', 6, 72, 'kamma.praveen'),
	(511, '10544', '0544', 5885, 'RIKSHA LENGGANA', 6, 45, 'riksha.lenggana'),
	(512, '10679', '0679', 7205, 'Ali Faisol', 6, 45, 'ali.faisol'),
	(513, '10797', '0797', 7674, 'Hernesto Quardino', 6, 45, 'hernesto.quardino'),
	(514, '10743', '0743', 7479, 'Parsaoran Simanjuntak', 7, 45, 'parsaoran.s'),
	(515, '10744', '0744', 7482, 'Dudy Harianto Tarigan', 7, 45, 'dudy.tarigan'),
	(516, '10685', '0685', 7267, 'Yudi Hartono', 6, 45, 'yudi.hartono'),
	(517, '10829', '0829', 7206, 'Into Aritonang', 6, 45, 'into.aritonang'),
	(518, '10598', '0598', 6155, 'Tumbur Parlindungan Sihombing', 6, 45, 'tumbur.sihombing'),
	(519, '10728', '0728', 7452, 'Wei Ming Chan', 6, 45, 'wei.chan'),
	(520, '10787', '0787', 7531, 'Hendrizal', 6, 45, 'hendrizal.h'),
	(521, '10751', '0751', 7484, 'Devi Mandasari', 9, 45, 'devi.mandasari'),
	(522, '10752', '0752', 7512, 'Fifi', 2, 164, 'fifi.f'),
	(523, '10690', '0690', 7290, 'Narusman Huda', 6, 164, 'narusman.huda'),
	(524, '10576', '0576', 5989, 'Ronny Afrianto', 6, 164, 'ronny.afrianto'),
	(525, '10638', '0638', 6750, 'Ahmad Syaugi', 6, 164, 'ahmad.syaugi'),
	(526, '10754', '0754', 6827, 'Andri Manurung', 6, 164, 'andri.manurung'),
	(527, '10827', '0827', 7345, 'Jhon Rayon Siburian', 6, 164, 'jhon.rayon'),
	(528, '10060', '0060', 975, 'Juantas Nababan', 6, 164, 'juantas.nababan'),
	(529, '10074', '0074', 3540, 'Manaster Raja Guk Guk', 6, 164, 'manaster.rajagukguk'),
	(530, '10760', '0760', 7521, 'Alfared Edison Siahaan', 7, 164, 'alfared.siahaan'),
	(531, '10761', '0761', 7532, 'Hendra Putra Buana Sembiring', 7, 164, 'hendra.sembiring'),
	(532, '10762', '0762', 7542, 'Foni Hendra', 7, 164, 'foni.hendra'),
	(533, '10453', '0453', 5211, 'Judika Lumbantoruan', 6, 164, 'judika.lumbantoruan'),
	(534, '10764', '0764', 6012, 'Aulia Haviz Fajri', 9, 164, 'aulia.fajri'),
	(535, '10765', '0765', 5441, 'Intan Nabila', 9, 164, 'intan.nabila'),
	(536, '10592', '0592', 6253, 'Nabet Simanullang', 6, 164, 'nabet.simanullang'),
	(537, '10333', '0333', 4109, 'Marlon Gultom', 6, 164, 'marlon.gultom'),
	(538, '10768', '0768', 7564, 'Irwansyah', 7, 164, 'irwansyah.i'),
	(539, '10283', '0283', 155, 'Ahmad Budi Liscahyono', 6, 164, 'ahmad.liscahyono'),
	(540, '10639', '0639', 96321, 'Firman Jatmiko', 6, 164, 'firman.jatmiko'),
	(541, '10721', '0721', 7434, 'Rinal', 6, 164, 'rinal.r'),
	(542, '10772', '0772', 7569, 'Mutharom', 7, 164, 'mutharom.m'),
	(543, '10773', '0773', 7570, 'Muhammad Haryono', 7, 164, 'muhammad.haryono'),
	(544, '10774', '0774', 7571, 'Kasmawandi', 7, 219, 'kasmawandi.k'),
	(545, '10775', '0775', 7576, 'Tulus Citra Lestari Panjaitan', 7, 219, 'tulus.panjaitan'),
	(546, '10733', '0733', 7455, 'Ruddi Hartoni', 6, 219, 'ruddi.hartoni'),
	(547, '10124', '0124', 400025, 'Thangaraj Ganesan', 6, 219, 'thangaraj.ganesan'),
	(548, '10778', '0778', 7579, 'Atamik B', 7, 219, 'atamik.b'),
	(549, '10779', '0779', 7596, 'Antonius Projo Hadiyanto', 7, 219, 'antonius.hadiyanto'),
	(550, '10780', '0780', 7522, 'Sappe Saut Siregar', 7, 219, 'sappe.siregar'),
	(551, '10781', '0781', 7597, 'Yanriza Herlika', 9, 219, 'yanriza.herlika'),
	(552, '10229', '0229', 4066, 'Sutardi', 1, 34, 'sutardi.s'),
	(553, '10369', '0369', 4671, 'Vivi Cahyarini', 6, 34, 'vivi.cahyarini'),
	(554, '10784', '0784', 7607, 'Muhamad Yakub', 7, 34, 'muhamad.yakub'),
	(555, '10785', '0785', 7617, 'Veni Vidi Vici Telelepta', 7, 34, 'veni.telelepta'),
	(556, '10786', '0786', 7616, 'Sugianto', 7, 34, 'sugianto.s'),
	(557, '10734', '0734', 7465, 'Enijois Nadiah Nababan', 6, 34, 'enijois.nababan'),
	(558, '10788', '0788', 7626, 'Kartika Nindi', 4, 34, 'kartika.nindi'),
	(559, '10789', '0789', 7624, 'Fran Surya Kencana', 7, 34, 'fran.kencana'),
	(560, '10790', '0790', 7623, 'Hengky Saputra Ajie', 7, 34, 'hengky.ajie'),
	(561, '10791', '0791', 7625, 'Argado Gunantha Sitinjak', 7, 34, 'argado.sitinjak'),
	(562, '10347', '0347', 4536, '   ', 1, 34, 'eka.rahmadi'),
	(563, '10537', '0537', 5763, 'Pingkan Anandita Fawwaz', 6, 63, 'pingkan.fawwaz'),
	(564, '10794', '0794', 7662, 'Andry Rahmadeni', 9, 63, 'andry.rahmadeni'),
	(565, '10348', '0348', 4541, 'Eeng Prandana', 1, 34, 'eeng.prandana'),
	(566, '10508', '0508', 5412, 'Fransisco Steaven Samosir', 6, 34, 'fransisco.samosir'),
	(567, '10341', '0341', 4502, 'ISMAIL ROMEJAN', 6, 34, 'ismail.romejan'),
	(568, '10432', '0432', 5093, 'Edi Prabowo Sucipto', 6, 34, 'edi.sucipto'),
	(569, '10448', '0448', 5191, 'Zaini', 6, 34, 'zaini.z'),
	(570, '10473', '0473', 5282, 'Muliadi', 1, 34, 'muliady.m'),
	(571, '10474', '0474', 5283, 'Dodi Hidayat', 1, 34, 'dodi.hidayat'),
	(572, '10057', '0057', 575, 'Ramlis', 6, 34, 'ramlis'),
	(573, '10484', '0484', 5317, 'Iwan Kurniawan', 1, 34, 'iwan.kurniawan'),
	(574, '10178', '0178', 3875, 'Rahmat Watimena', 6, 34, 'rahmat.watimena'),
	(575, '10620', '0620', 6636, 'Paraden Pakpahan', 1, 34, 'paraden.pakpahan'),
	(576, '10517', '0517', 5423, 'Mulyadi Tanjung', 6, 34, 'mulyadi.tanjung'),
	(577, '10622', '0622', 6653, 'Hendro Susilo', 1, 34, 'hendro.susilo'),
	(578, '10684', '0684', 7253, 'Rahmad Siro Wijaya Tarigan', 1, 34, 'rahmad.tarigan'),
	(579, '10809', '0809', 6779, 'Wendy Fajar Ristianto', 7, 34, 'wendy.ristianto'),
	(580, '10540', '0540', 5784, 'Haris Dema Hidayat', 6, 34, 'haris.hidayat'),
	(581, '10811', '0811', 4949, 'Akmal Annuar', 7, 34, 'akmal.annuar'),
	(582, '10029', '0029', 643, 'Rumanto', 1, 159, 'rumanto.r'),
	(583, '10813', '0813', 7781, 'Epan Simamora', 7, 159, 'epan.simamora'),
	(584, '10406', '0406', 4884, 'Bhima Bhakti Utama', 1, 159, 'bhima.hutama'),
	(585, '10591', '0591', 6191, 'Jekson Sinambela', 6, 159, 'jekson.sinambela'),
	(586, '10816', '0816', 7790, 'M.HAFIDH KURRATUL AIN RACHMAN', 7, 159, 'hafidh.rachman'),
	(587, '10817', '0817', 7791, 'MAHYUDDIN', 4, 159, 'mahyuddin.m'),
	(588, '10689', '0689', 7289, 'Dedi Wahyudi', 6, 159, 'dedi.wahyudi'),
	(589, '10641', '0641', 15987, 'Muhammad Gunawan', 1, 159, 'muhammad.gunawan'),
	(590, '10776', '0776', 7577, 'Kadarisman', 6, 159, 'kadarisman.k'),
	(591, '10821', '0821', 7884, 'Murniati Bakara', 3, 427, 'murniati.bakara'),
	(592, '10436', '0436', 5110, 'Gozal ', 6, 427, 'gozal.g'),
	(593, '10441', '0441', 5149, 'Adilla Syifa Dwiandini', 6, 427, 'adilla.dwiandini'),
	(594, '10524', '0524', 5440, 'LISA SAMITA', 6, 427, 'lisa.sasmita'),
	(595, '10727', '0727', 7451, 'Cahyo Mahmudi', 1, 159, 'cahyo.mahmudi'),
	(596, '10672', '0672', 7170, 'Dewi', 6, 159, 'dewi.d'),
	(597, '10358', '0358', 9191, 'Anton Faeri Ote', 6, 159, 'anton.faeri'),
	(598, '10463', '0463', 4715, 'IR SYAFRINALDI', 1, 159, 'syafrinaldi.s'),
	(599, '10504', '0504', 6464, 'Nahar Setiawan', 6, 159, 'nahar.setiawan'),
	(600, '10464', '0464', 5162, 'EKA KURNIA RESTU RAHMADI', 1, 159, 'eka.rahmadi'),
	(601, '10831', '0831', 7957, 'Ir Junaidi AF MM', 7, 159, 'junaidi.j'),
	(602, '10016', '0016', 3496, 'Eko Yudi Prasetiyo', 1, 159, 'eko.prasetiyo'),
	(603, '10833', '0833', 7979, 'Efrat Simanjuntak', 7, 159, 'efrat.simanjuntak'),
	(604, '10834', '0834', 7980, 'Sri Indri Widyowati', 7, 159, 'sri.widyowati'),
	(605, '10665', '0665', 349761, 'Chin Swee Wah', 6, 159, 'sweewah.chin'),
	(606, '10316', '0316', 7743, 'Rio Kurniansyah', 7, 71, 'rio.kurniansyah@wascoenergy.com'),
	(607, '10838', '0838', 7946, 'Nurzain Miftakhul jannah', 7, 467, 'nurzain.jannah@wascoenergy.com'),
	(608, '10839', '0839', 7989, 'Ruth Debora Nainggolan', 3, 81, 'ruth.nainggolan@wascoenergy.com');
/*!40000 ALTER TABLE `copier_id` ENABLE KEYS */;

-- Dumping structure for table copier.tblfile_department
CREATE TABLE IF NOT EXISTS `tblfile_department` (
  `iddept` bigint(100) NOT NULL AUTO_INCREMENT,
  `deptdesc` varchar(30) NOT NULL DEFAULT '',
  `stsactive` smallint(6) DEFAULT NULL,
  `iduser_create` varchar(15) DEFAULT NULL,
  `createdate` datetime DEFAULT NULL,
  `iduser_update` varchar(15) DEFAULT NULL,
  `updatedate` datetime DEFAULT NULL,
  PRIMARY KEY (`iddept`)
) ENGINE=InnoDB AUTO_INCREMENT=22 DEFAULT CHARSET=latin1;

-- Dumping data for table copier.tblfile_department: ~14 rows (approximately)
/*!40000 ALTER TABLE `tblfile_department` DISABLE KEYS */;
INSERT INTO `tblfile_department` (`iddept`, `deptdesc`, `stsactive`, `iduser_create`, `createdate`, `iduser_update`, `updatedate`) VALUES
	(1, 'ENGINEERING', 1, 'RIO', '2014-12-12 15:15:32', 'BETI', '2020-01-21 14:59:36'),
	(2, 'FINANCE', 1, 'RIO', '2014-12-12 15:15:43', 'BETI', '2020-01-21 14:59:50'),
	(3, 'HR', 1, 'RIO', '2014-12-12 15:15:51', 'RIO', '2014-12-12 15:16:01'),
	(4, 'HSE', 1, 'RIO', '2014-12-12 15:16:11', NULL, NULL),
	(5, 'MIS', 1, 'RIO', '2014-12-12 15:16:18', NULL, NULL),
	(6, 'PROJECTS & OPERATIONS', 1, 'RIO', '2014-12-12 15:16:33', NULL, NULL),
	(7, 'QAQC', 1, 'RIO', '2014-12-12 15:16:41', NULL, NULL),
	(9, 'SUPPLY CHAIN', 1, 'ROFIQ', '2015-02-03 20:55:52', NULL, NULL),
	(11, 'INTERNSHIP', 1, 'BETI', '2015-09-15 11:26:44', NULL, NULL),
	(12, 'YARD', 1, 'BETI', '2015-09-29 12:01:59', NULL, NULL),
	(15, 'TENDERING & ESTIMATION', 1, 'BETI', '2016-05-26 09:27:03', NULL, NULL),
	(16, 'SALES & MARKETING', 1, NULL, NULL, NULL, NULL),
	(17, 'CONTRACTS', 1, NULL, NULL, NULL, NULL),
	(18, 'GENERAL MANAGEMENT', 1, NULL, NULL, NULL, NULL);
/*!40000 ALTER TABLE `tblfile_department` ENABLE KEYS */;

-- Dumping structure for table copier.tblfile_position
CREATE TABLE IF NOT EXISTS `tblfile_position` (
  `idposition` bigint(100) NOT NULL AUTO_INCREMENT,
  `positiondesc` varchar(100) NOT NULL DEFAULT '',
  `iddept` bigint(100) DEFAULT NULL,
  `stsactive` smallint(6) DEFAULT NULL,
  `iduser_create` varchar(15) DEFAULT NULL,
  `createdate` datetime DEFAULT NULL,
  `iduser_update` varchar(15) DEFAULT NULL,
  `updatedate` datetime DEFAULT NULL,
  PRIMARY KEY (`idposition`),
  KEY `iddept` (`iddept`)
) ENGINE=InnoDB AUTO_INCREMENT=468 DEFAULT CHARSET=latin1;

-- Dumping data for table copier.tblfile_position: ~454 rows (approximately)
/*!40000 ALTER TABLE `tblfile_position` DISABLE KEYS */;
INSERT INTO `tblfile_position` (`idposition`, `positiondesc`, `iddept`, `stsactive`, `iduser_create`, `createdate`, `iduser_update`, `updatedate`) VALUES
	(7, 'MIS EXECUTIVE', 5, 1, 'RIO', '2015-01-23 11:23:54', NULL, NULL),
	(8, 'IT TECHNICIAN', 5, 1, 'RIO', '2015-01-23 11:24:06', 'YODY', '2016-05-18 15:12:09'),
	(10, 'HELPER', 6, 1, 'ROFIQ', '2015-02-03 20:05:57', NULL, NULL),
	(11, 'RIGGER', 6, 1, 'ROFIQ', '2015-02-03 20:11:16', NULL, NULL),
	(12, 'ELECTRICIAN MAINTENANCE', 12, 1, 'ROFIQ', '2015-02-03 21:29:49', NULL, NULL),
	(13, 'STRUCTURE WELDER', 6, 1, 'ROFIQ', '2015-02-03 21:30:42', NULL, NULL),
	(14, 'WELDER SUPERVISOR', 6, 1, 'ROFIQ', '2015-02-03 21:31:58', NULL, NULL),
	(15, 'STRUCTURE FITTER', 6, 1, 'ROFIQ', '2015-02-03 21:36:01', NULL, NULL),
	(16, 'SCAFFOLDER', 6, 1, 'ROFIQ', '2015-02-03 21:37:06', NULL, NULL),
	(17, 'YARD ADMIN', 12, 1, 'ROFIQ', '2015-02-03 21:39:53', NULL, NULL),
	(18, 'RIGGER SUPERVISOR', 6, 1, 'ARI', '2015-04-07 14:29:37', NULL, NULL),
	(19, 'QA/QC E&I INSPECTOR', 7, 1, 'ARI', '2015-04-07 14:36:26', NULL, NULL),
	(20, 'MATERIAL HANDLE', 6, 1, 'ARI', '2015-04-07 14:36:42', 'BETI', '2015-10-22 15:32:33'),
	(21, 'RIGGER FOREMAN', 6, 1, 'ARI', '2015-04-07 14:37:02', NULL, NULL),
	(22, 'OVERHEAD CRANE OPERATOR', 6, 1, 'ARI', '2015-04-07 14:37:33', NULL, NULL),
	(23, 'BUYER', 9, 1, 'ARI', '2015-04-07 14:37:51', NULL, NULL),
	(24, 'SENIOR STRUCTURE DRAFTER', 1, 1, 'ARI', '2015-04-07 14:38:25', NULL, NULL),
	(25, 'ITR COORDINATOR', 7, 1, 'ARI', '2015-04-07 14:52:55', NULL, NULL),
	(26, 'DOCUMENT CONTROL', 6, 1, 'ARI', '2015-04-07 14:53:18', NULL, NULL),
	(27, 'QA/QC WELDING INSPECTOR', 7, 1, 'ARI', '2015-04-07 14:53:42', NULL, NULL),
	(28, 'PIPING DESIGNER', 1, 1, 'ARI', '2015-04-07 14:54:07', NULL, NULL),
	(29, 'CONSTRUCTION SUPERINTENDENT', 6, 0, 'ARI', '2015-04-07 14:54:36', NULL, NULL),
	(30, 'STOREKEEPER', 9, 1, 'ARI', '2015-04-07 14:54:57', NULL, NULL),
	(31, 'STORE ADMIN', 9, 1, 'ARI', '2015-04-07 14:55:13', NULL, NULL),
	(32, 'WELDING SUPERVISOR', 6, 1, 'ARI', '2015-04-07 14:55:59', NULL, NULL),
	(33, 'STRUCTURE SUPERVISOR', 6, 1, 'ARI', '2015-04-07 14:56:25', NULL, NULL),
	(34, 'STRUCTURE DRAFTER', 1, 1, 'ARI', '2015-04-07 14:56:50', NULL, NULL),
	(35, 'SENIOR PROJECT PLANNER', 6, 1, 'ARI', '2015-04-07 14:57:30', NULL, NULL),
	(36, 'PROJECT ENGINEER', 6, 1, 'ARI', '2015-04-07 14:57:49', NULL, NULL),
	(37, 'WAREHOUSE & LOGISTIC SUPERVISOR', 9, 1, 'ARI', '2015-04-07 14:58:11', NULL, NULL),
	(38, 'E&I DESIGNER', 1, 1, 'ARI', '2015-04-07 14:58:29', NULL, NULL),
	(39, 'HSE OFFICER', 4, 1, 'ARI', '2015-04-07 14:58:48', NULL, NULL),
	(40, 'QA/QC INSPECTOR', 7, 1, 'ARI', '2015-04-07 14:59:09', NULL, NULL),
	(41, 'QA/QC MATERIAL INSPECTOR', 7, 1, 'ARI', '2015-04-07 14:59:27', NULL, NULL),
	(42, 'QA/QC COORDINATOR', 7, 1, 'ARI', '2015-04-07 14:59:53', NULL, NULL),
	(43, 'TOOL STOREMAN', 9, 1, 'ARI', '2015-04-07 15:00:13', NULL, NULL),
	(44, 'QA/QC E&I DOCUMENT CONTROL', 7, 1, 'ARI', '2015-04-07 15:00:44', NULL, NULL),
	(45, 'SENIOR PROJECT ENGINEER', 6, 1, 'ARI', '2015-04-07 15:01:04', NULL, NULL),
	(46, 'QA/QC PIPING INSPECTOR', 7, 1, 'ARI', '2015-04-07 15:01:20', NULL, NULL),
	(47, 'MECHANIC MAINTENANCE', 6, 1, 'ARI', '2015-04-07 15:01:54', NULL, NULL),
	(48, 'QA/QC PAINTING INSPECTOR', 7, 1, 'ARI', '2015-04-07 15:03:04', NULL, NULL),
	(49, 'STRUCTURE DESIGNER', 1, 1, 'ARI', '2015-04-07 15:07:59', NULL, NULL),
	(50, 'PIPING ENGINEER', 1, 1, 'ARI', '2015-04-07 15:08:15', NULL, NULL),
	(51, 'PRODUCTION CONTROLLER', 6, 1, 'ARI', '2015-04-07 15:09:00', NULL, NULL),
	(52, 'E&I SUPERINTENDENT', 6, 1, 'ARI', '2015-04-07 15:09:52', NULL, NULL),
	(53, 'PRESSURE VESSEL SUPERINTENDENT', 6, 1, 'ARI', '2015-04-07 15:10:13', NULL, NULL),
	(54, 'LEAD OF PRODUCTION ENGINEER', 6, 1, 'ARI', '2015-04-07 15:10:51', NULL, NULL),
	(55, 'QA/QC MATERIAL CONTROL', 7, 1, 'ARI', '2015-04-07 15:11:10', NULL, NULL),
	(56, 'FOREMAN RIGGER', 6, 1, 'ARI', '2015-04-07 15:11:29', NULL, NULL),
	(57, 'PRODUCTION STOREMAN', 9, 1, 'FITRIANI', '2015-04-08 10:01:59', NULL, NULL),
	(58, 'SCAFFOLDER LEAD', 6, 1, 'FITRIANI', '2015-04-08 10:24:31', NULL, NULL),
	(59, 'E & I FOREMAN', 6, 1, 'FITRIANI', '2015-04-08 10:42:23', NULL, NULL),
	(60, 'VESSEL FITTER', 6, 1, 'FITRIANI', '2015-04-08 11:00:20', NULL, NULL),
	(61, 'E&I SUPERVISOR', 6, 1, 'FITRIANI', '2015-04-08 11:24:07', NULL, NULL),
	(62, 'PIPING SUPERVISOR', 6, 1, 'FITRIANI', '2015-04-08 11:34:11', NULL, NULL),
	(63, 'TIMEKEEPER', 6, 1, 'FITRIANI', '2015-04-08 13:28:14', NULL, NULL),
	(64, 'ELECTRICIAN MAINTENANCE', 6, 1, 'FITRIANI', '2015-04-08 15:09:43', NULL, NULL),
	(65, 'E&I FOREMAN', 6, 0, 'FITRIANI', '2015-04-08 15:23:35', NULL, NULL),
	(66, 'PIPING FITTER FOREMAN', 6, 1, 'FITRIANI', '2015-04-13 13:35:35', NULL, NULL),
	(67, 'PIPING FITTER', 6, 1, 'FITRIANI', '2015-04-13 13:41:31', NULL, NULL),
	(68, 'E&I ELECTRICIAN', 6, 1, 'FITRIANI', '2015-04-13 13:44:59', NULL, NULL),
	(69, 'STRUCTURE FITTER FOREMAN ', 6, 1, 'FITRIANI', '2015-04-13 13:47:35', NULL, NULL),
	(70, 'ELECTRICAL HELPER', 6, 1, 'FITRIANI', '2015-04-13 14:16:19', NULL, NULL),
	(71, 'PIPING INSPECTOR', 7, 1, 'FITRIANI', '2015-04-13 14:27:25', NULL, NULL),
	(72, 'QA/QC DOCUMENT CONTROL', 7, 1, 'FITRIANI', '2015-04-14 09:31:24', NULL, NULL),
	(73, 'PROJECT DOCUMENT CONTROL', 6, 1, 'FITRIANI', '2015-04-14 09:33:10', NULL, NULL),
	(74, 'HOUSEKEEPER', 6, 1, 'FITRIANI', '2015-04-14 09:38:17', NULL, NULL),
	(75, 'E & I MATERIAL INSPECTOR', 7, 1, 'FITRIANI', '2015-04-14 09:47:13', NULL, NULL),
	(76, 'JUNIOR SUPERVISOR', 6, 1, 'FITRIANI', '2015-04-14 09:59:02', NULL, NULL),
	(77, 'PIPING WELDER', 6, 1, 'FITRIANI', '2015-04-14 10:30:24', NULL, NULL),
	(78, 'PRESSURE VESSEL SPV', 6, 1, 'FITRIANI', '2015-04-14 10:40:51', NULL, NULL),
	(79, 'CNC MACHINE OPERATOR', 6, 1, 'FITRIANI', '2015-04-14 10:47:18', NULL, NULL),
	(80, 'PIPING FOREMAN', 6, 1, 'FITRIANI', '2015-04-20 14:17:08', NULL, NULL),
	(81, 'RECEPTIONIST', 3, 1, 'FITRIANI', '2015-04-20 14:50:44', NULL, NULL),
	(82, 'OFFICE BOY', 3, 1, 'FITRIANI', '2015-04-20 15:35:29', NULL, NULL),
	(83, 'STRUCTURE WELDER FOREMAN', 6, 1, 'FITRIANI', '2015-04-20 15:48:39', NULL, NULL),
	(84, 'ELECTRICIAN TECHNICIAN', 6, 1, 'BETI', '2015-09-12 15:22:49', NULL, NULL),
	(85, 'ASST QA/QC MANAGER', 7, 1, 'BETI', '2015-09-12 15:27:09', NULL, NULL),
	(86, 'QUANTITY SURVEYOR', 15, 1, 'BETI', '2015-09-12 15:29:35', NULL, NULL),
	(87, 'E&I MATERIAL INSPECTOR', 7, 1, 'BETI', '2015-09-12 15:33:40', NULL, NULL),
	(88, 'STORE CLERK', 9, 1, 'BETI', '2015-09-12 15:36:08', NULL, NULL),
	(89, 'HR EXECUTVE', 3, 1, 'BETI', '2015-09-12 15:38:24', NULL, NULL),
	(90, 'SHIPPING OFFICER', 9, 1, 'BETI', '2015-09-12 15:39:29', NULL, NULL),
	(91, 'DOCUMENT CONTROL COORDINATOR', 7, 1, 'BETI', '2015-09-14 10:31:27', NULL, NULL),
	(92, 'SECURITY', 4, 1, 'BETI', '2015-09-17 15:53:41', NULL, NULL),
	(93, 'MECHANICAL FOREMAN', 6, 1, 'BETI', '2015-09-18 15:24:28', NULL, NULL),
	(94, 'MATERIAL CONTROL', 6, 1, 'BETI', '2015-09-19 11:44:45', NULL, NULL),
	(95, 'MECHANICAL FITTER', 6, 1, 'BETI', '2015-09-19 11:45:08', NULL, NULL),
	(96, 'MECHANICAL HELPER', 6, 1, 'BETI', '2015-09-19 11:45:20', NULL, NULL),
	(97, 'MECHANICAL MAINTENANCE', 6, 1, 'BETI', '2015-09-19 11:46:22', NULL, NULL),
	(98, 'MAINTENANCE HELPER', 6, 1, 'BETI', '2015-09-19 11:46:38', NULL, NULL),
	(99, 'SCAFFOLDER HELPER', 6, 1, 'BETI', '2015-09-19 11:46:50', NULL, NULL),
	(100, 'RIGGER HELPER', 6, 1, 'BETI', '2015-09-19 11:47:00', NULL, NULL),
	(101, 'POTMAN', 6, 1, 'BETI', '2015-09-19 11:47:27', NULL, NULL),
	(102, 'BLASTER & PAINTER HELPER', 6, 1, 'BETI', '2015-09-19 11:47:47', NULL, NULL),
	(103, 'HELPER PIPING', 6, 1, 'BETI', '2015-09-19 11:48:01', NULL, NULL),
	(104, 'LEADER GRINDER', 6, 1, 'BETI', '2015-09-19 11:48:31', NULL, NULL),
	(105, 'HSE OFFICER', 4, 1, 'BETI', '2015-09-21 09:35:39', NULL, NULL),
	(106, 'SKILL', 6, 1, 'BETI', '2015-09-21 14:52:35', NULL, NULL),
	(107, 'MULTI SKILL', 6, 1, 'BETI', '2015-09-21 14:52:45', NULL, NULL),
	(108, 'INSTRUMENT FITTER', 6, 1, 'BETI', '2015-09-21 14:53:01', NULL, NULL),
	(109, 'E&I FITTER', 6, 1, 'BETI', '2015-09-21 14:53:14', NULL, NULL),
	(110, 'E&I HELPER', 6, 1, 'BETI', '2015-09-21 14:53:24', NULL, NULL),
	(111, 'TERMINATOR', 6, 1, 'BETI', '2015-09-21 14:53:43', NULL, NULL),
	(112, 'HR OFFICER', 3, 1, 'BETI', '2015-09-21 14:59:28', NULL, NULL),
	(113, 'FINANCE EXECUTIVE', 2, 1, 'BETI', '2015-09-21 15:00:10', NULL, NULL),
	(114, 'ASST. QUANTITY SURVEYOR', 15, 1, 'BETI', '2015-09-21 17:34:43', NULL, NULL),
	(115, 'YARD FACILITY OFFICER', 6, 1, 'BETI', '2015-09-21 17:39:41', NULL, NULL),
	(116, 'E&I DRAFTER', 1, 1, 'BETI', '2015-09-23 09:12:11', NULL, NULL),
	(117, 'FACILITY LEAD', 6, 1, 'BETI', '2015-09-23 09:14:28', NULL, NULL),
	(118, 'SENIOR PROJECT PLANNER', 6, 0, 'BETI', '2015-09-23 09:15:37', NULL, NULL),
	(119, 'STORE LEAD', 9, 1, 'BETI', '2015-09-23 09:34:43', NULL, NULL),
	(120, 'HVAC ENGINEER', 1, 1, 'BETI', '2015-09-23 09:35:28', NULL, NULL),
	(121, 'LEAD OF DOCUMENT CONTROL', 7, 1, 'BETI', '2015-09-23 09:40:24', NULL, NULL),
	(122, 'DOCUMENT CONTROL COORDINATOR', 7, 1, 'BETI', '2015-09-23 09:41:15', NULL, NULL),
	(123, 'PROJECT MANAGER', 6, 1, 'BETI', '2015-09-23 09:43:53', NULL, NULL),
	(124, 'PROJECT PLANNER', 6, 1, 'BETI', '2015-09-23 09:45:06', NULL, NULL),
	(125, 'ASST PROJECT ENGINEER', 6, 1, 'BETI', '2015-09-23 09:46:46', 'BETI', '2015-10-22 15:31:30'),
	(126, 'LOGISTIC ASSISTANT MANAGER', 9, 1, 'BETI', '2015-09-23 09:48:11', NULL, NULL),
	(127, 'PROCUREMENT LEAD', 9, 1, 'BETI', '2015-09-23 09:49:53', NULL, NULL),
	(128, 'MATERIAL SUPERVISOR', 6, 1, 'BETI', '2015-09-23 09:53:46', NULL, NULL),
	(129, 'BUYER ADMIN', 9, 1, 'BETI', '2015-09-23 09:54:32', NULL, NULL),
	(130, 'EQUIPMENT CONTROLLER', 6, 1, 'BETI', '2015-09-23 09:55:30', NULL, NULL),
	(131, 'SHIPPING ADMIN', 9, 1, 'BETI', '2015-09-23 09:56:06', NULL, NULL),
	(132, 'SCAFFOLDER FOREMAN', 6, 1, 'BETI', '2015-09-23 10:44:35', NULL, NULL),
	(133, 'FORKLIFT OPERATOR', 6, 1, 'BETI', '2015-09-23 11:13:24', NULL, NULL),
	(134, 'TOOL STOREMAN', 9, 1, 'BETI', '2015-09-23 11:17:55', NULL, NULL),
	(135, 'ESTIMATOR', 15, 1, 'BETI', '2015-09-23 11:19:44', NULL, NULL),
	(136, 'E&I ELECTRICIAN LEAD', 6, 1, 'BETI', '2015-09-23 11:21:13', NULL, NULL),
	(137, 'MAINTENANCE SUPERVISOR', 6, 1, 'BETI', '2015-09-23 11:23:19', NULL, NULL),
	(138, 'YARD ASSISTANT MANAGER', 6, 1, 'BETI', '2015-09-23 11:24:00', NULL, NULL),
	(139, 'PAINTING & SCAFFOLDING SUPERVISORR', 6, 1, 'BETI', '2015-09-23 16:57:40', NULL, NULL),
	(140, 'QC COORDINATOR', 7, 1, 'BETI', '2015-10-01 15:50:25', NULL, NULL),
	(141, 'SEMI SKILLED', 6, 1, 'BETI', '2015-10-13 15:57:04', NULL, NULL),
	(142, 'SCAFFOLDER SUPERVISOR', 6, 1, 'BETI', '2015-10-15 15:32:46', NULL, NULL),
	(143, 'QA/QC INSPECTOR/DIMENSION COORDINATOR', 7, 1, 'BETI', '2015-10-16 08:59:35', NULL, NULL),
	(144, 'SENIOR DOCUMENT CONTROL', 7, 1, 'BETI', '2015-10-16 09:06:42', NULL, NULL),
	(145, 'QA/QC ENGINEER', 7, 1, 'BETI', '2015-10-16 09:15:15', NULL, NULL),
	(146, 'WELDING ENGINEER', 7, 1, 'BETI', '2015-10-16 09:19:32', NULL, NULL),
	(147, 'MECHANICAL INSPECTOR', 7, 1, 'BETI', '2015-10-16 09:23:39', NULL, NULL),
	(148, 'QA/QC SUPERVISOR', 7, 1, 'BETI', '2015-10-16 09:30:23', NULL, NULL),
	(149, 'PROJECT PRODUCTION STRUCTURAL', 6, 1, 'BETI', '2015-10-16 09:33:13', NULL, NULL),
	(150, 'LEAD OF PRODUCTION ENGINEER', 6, 0, 'BETI', '2015-10-16 09:41:26', NULL, NULL),
	(151, 'PIPING PRODUCTION ENGINEER ', 6, 1, 'BETI', '2015-10-16 09:42:21', NULL, NULL),
	(152, 'E&I PRODUCTION ENGINEER', 6, 1, 'BETI', '2015-10-16 09:43:29', NULL, NULL),
	(153, 'STRUCTURE PRODUCTION  ENGINEER', 6, 1, 'BETI', '2015-10-16 09:44:56', NULL, NULL),
	(154, 'MATERIAL COORDINATOR', 6, 1, 'BETI', '2015-10-16 09:47:15', NULL, NULL),
	(156, 'CONSTRUCTION SUPERINTENDENT', 6, 1, 'BETI', '2015-10-16 09:47:53', NULL, NULL),
	(157, 'PIPING SUPERINTENDENT', 6, 1, 'BETI', '2015-10-16 09:51:39', NULL, NULL),
	(158, 'MECHANICAL SUPERVISOR', 6, 1, 'BETI', '2015-10-16 09:52:53', NULL, NULL),
	(159, 'STRUCTURE  ENGINEER', 1, 1, 'BETI', '2015-10-16 09:54:49', NULL, NULL),
	(160, 'SENIOR STRUCTURE SUPERVISOR', 6, 1, 'BETI', '2015-10-16 09:58:16', NULL, NULL),
	(161, 'ARCHITECTURAL DESIGNER II', 1, 1, 'BETI', '2015-10-16 09:59:13', NULL, NULL),
	(162, 'ASST ENGINEERING MANAGER', 1, 1, 'BETI', '2015-10-16 10:01:04', NULL, NULL),
	(163, 'HR MANAGER', 3, 1, 'BETI', '2015-10-16 10:17:47', NULL, NULL),
	(164, 'FINANCE ASSISTANT', 2, 1, 'BETI', '2015-10-16 10:20:06', NULL, NULL),
	(165, 'FINANCE ASSISTANT MANAGER', 2, 1, 'BETI', '2015-10-16 10:21:02', NULL, NULL),
	(166, 'HSES MANAGER', 4, 1, 'BETI', '2015-10-16 10:21:49', NULL, NULL),
	(167, 'QA/QC DIMENSION CONTROL', 7, 1, 'BETI', '2015-10-16 12:55:26', NULL, NULL),
	(168, 'SENIOR OPERATION MANAGER', 6, 1, 'BETI', '2015-10-16 13:28:33', NULL, NULL),
	(169, 'HEAD OF SCM', 9, 1, 'BETI', '2015-10-16 13:29:57', NULL, NULL),
	(170, 'SENIOR PROJECT SUPERVISOR', 6, 1, 'BETI', '2015-10-16 13:39:44', NULL, NULL),
	(171, 'PROPOSAL ENGINEER', 6, 1, 'BETI', '2015-10-16 14:00:27', NULL, NULL),
	(172, 'QA/QC MANAGER', 7, 1, 'BETI', '2015-10-16 14:07:18', NULL, NULL),
	(173, 'SENIOR PROJECT MANAGER', 6, 1, 'BETI', '2015-10-20 16:27:06', NULL, NULL),
	(174, 'LEAD E&I ENGINEER', 6, 1, 'BETI', '2015-10-20 16:29:32', NULL, NULL),
	(175, 'SENIOR OPERATION MANAGER', 6, 0, 'BETI', '2015-10-20 16:30:03', NULL, NULL),
	(176, 'HSE S.E ASIA MANAGER', 4, 1, 'BETI', '2015-10-20 16:30:18', NULL, NULL),
	(177, 'BUSINESS SUPPORT MANAGER', 2, 1, 'BETI', '2015-10-20 16:31:26', NULL, NULL),
	(178, 'FINANCE MANAGER', 2, 1, 'BETI', '2015-10-20 16:31:39', NULL, NULL),
	(179, 'WETG VICE PRESIDENT', NULL, 1, 'BETI', '2015-10-20 16:32:21', NULL, NULL),
	(180, 'OPR & ENG DIV VICE PRESIDENT', NULL, 1, 'BETI', '2015-10-20 16:33:02', 'BETI', '2015-10-20 16:33:56'),
	(181, 'E&I ENGINEER', 6, 1, 'BETI', '2015-10-20 16:37:45', NULL, NULL),
	(182, 'BUSINESS SUPPORT MANAGER', 2, 1, 'BETI', '2015-10-20 16:40:42', NULL, NULL),
	(183, 'SUPERVISOR COORDINATOR', 6, 1, 'BETI', '2015-10-21 14:47:13', NULL, NULL),
	(184, 'SAFETY INSPECTOR', 4, 1, 'BETI', '2015-10-21 14:47:40', NULL, NULL),
	(185, 'E&I PRODUCTION COORDINATOR', 6, 1, 'BETI', '2015-10-21 15:45:43', NULL, NULL),
	(186, 'HELPER GRINDER', 6, 1, 'BETI', '2015-10-22 15:33:21', NULL, NULL),
	(187, 'HELPER FITTER STRUCTURE', 6, 1, 'BETI', '2015-10-22 15:33:37', NULL, NULL),
	(188, 'OPERATIONAL MANAGER', 6, 1, 'BETI', '2015-10-22 18:54:23', NULL, NULL),
	(189, 'QA/QC PAINTING', 7, 1, 'BETI', '2015-10-22 18:56:28', NULL, NULL),
	(190, 'SUPERVISOR STOREMAN', 9, 1, 'BETI', '2015-10-22 18:57:42', NULL, NULL),
	(191, 'BLASTING & PAINTING SUPERVISOR', 6, 1, 'BETI', '2015-10-22 19:08:04', NULL, NULL),
	(192, 'GENERAL MANAGER', 6, 1, 'BETI', '2015-10-22 19:08:20', NULL, NULL),
	(193, 'COORDINATOR BLASTER PAINTING', 6, 1, 'BETI', '2015-10-22 19:08:55', NULL, NULL),
	(194, 'BLASTER PAINTER', 6, 1, 'BETI', '2015-10-22 19:16:18', NULL, NULL),
	(195, 'BLASTER PAINTER FOREMAN', 6, 1, 'BETI', '2015-10-22 19:20:25', NULL, NULL),
	(196, 'COORDINATOR BLASTER PAINTING', 6, 0, 'BETI', '2015-10-22 19:21:05', NULL, NULL),
	(197, 'SUPPLY CHAIN MANAGER', 9, 1, 'BETI', '2015-11-09 16:31:02', NULL, NULL),
	(198, 'ELECTRICAL DESIGNER', 1, 1, 'BETI', '2015-11-16 09:17:07', NULL, NULL),
	(199, 'DESIGNER', 1, 1, 'BETI', '2015-12-24 10:45:58', NULL, NULL),
	(200, 'MATERIAL CONTROL EXPEDITION', 15, 1, 'BETI', '2016-04-19 08:49:16', NULL, NULL),
	(201, 'DRIVER', 3, 1, 'BETI', '2016-04-21 13:26:03', NULL, NULL),
	(202, 'SECURITY', 4, 1, 'BETI', '2016-04-21 13:27:58', NULL, NULL),
	(203, 'INSULATION', NULL, 1, 'BETI', '2016-06-10 14:08:16', NULL, NULL),
	(204, 'FABRIKASI', NULL, 1, 'BETI', '2016-06-10 14:08:34', NULL, NULL),
	(205, 'PDMS ADMINISTRATOR', 1, 1, NULL, NULL, NULL, NULL),
	(206, 'WAREHOUSE & LOGISTIC MANAGER', 9, 1, NULL, NULL, NULL, NULL),
	(207, 'FINANCE SUPERVISOR', 2, 1, NULL, NULL, NULL, NULL),
	(208, 'OFFICE GIRL', 3, 1, NULL, NULL, NULL, NULL),
	(209, 'HSE ADMIN & TRAINER', 4, 1, NULL, NULL, NULL, NULL),
	(211, 'SENIOR STRUCTURE FITTER FOREMAN', 6, 1, NULL, NULL, NULL, NULL),
	(212, 'HSE ADMIN', 4, 1, NULL, NULL, NULL, NULL),
	(213, 'MATERIAL CONTROL ASSISTANT', 6, 1, NULL, NULL, NULL, NULL),
	(214, 'QUANTITY SURVEYOR', 6, 1, NULL, NULL, NULL, NULL),
	(215, 'PRODUCTION ADMIN', 6, 1, NULL, NULL, NULL, NULL),
	(216, 'SEMI SKILLED FITTER', 6, 1, NULL, NULL, NULL, NULL),
	(217, 'BENDING MACHINE OPERATOR', 6, 1, NULL, NULL, NULL, NULL),
	(218, 'HSE LEAD', 4, 1, NULL, NULL, NULL, NULL),
	(219, 'NDT COORDINATOR', 7, 1, NULL, NULL, NULL, NULL),
	(220, 'IT PROGRAMER', 5, 1, NULL, NULL, NULL, NULL),
	(221, 'PAINTING & SCAFFOLDING SUPERVISOR', 6, 1, NULL, NULL, NULL, NULL),
	(222, 'E&I ENGINEER ', 1, 1, NULL, NULL, NULL, NULL),
	(223, 'STRUCTURE FITTER LEAD', 6, 1, NULL, NULL, NULL, NULL),
	(224, 'COST CONTROL', 6, 1, NULL, NULL, NULL, NULL),
	(225, 'SENIOR STRUCTURE ENGINEER', 1, 1, NULL, NULL, NULL, NULL),
	(226, 'QA/QC LEAD', 7, 1, NULL, NULL, NULL, NULL),
	(227, 'PRODUCTION COORDINATOR', 6, 1, NULL, NULL, NULL, NULL),
	(228, 'PACKAGE ENGINEER', 1, 1, NULL, NULL, NULL, NULL),
	(229, 'SENIOR PROJECT SUPERVISOR', 6, 1, NULL, NULL, NULL, NULL),
	(230, 'SENIOR PIPING ENGINEER', 1, 1, NULL, NULL, NULL, NULL),
	(231, 'SENIOR CONTROLS ENGINEER', 1, 1, NULL, NULL, NULL, NULL),
	(232, 'INSTRUMENT ENGINEER', 1, 1, NULL, NULL, NULL, NULL),
	(233, 'ARCHITECTURAL DRAFTER', 1, 1, NULL, NULL, NULL, NULL),
	(234, 'HR ASSISTANT MANAGER', 3, 1, NULL, NULL, NULL, NULL),
	(235, 'QC SUPERVISOR', 6, 1, NULL, NULL, NULL, NULL),
	(236, 'TOOL STORE CONTROLLER', 6, 1, NULL, NULL, NULL, NULL),
	(237, 'PROJECT MATERIAL CONTROL (E&I)', 6, 1, NULL, NULL, NULL, NULL),
	(238, 'FABRICATION COORDINATOR', 6, 1, NULL, NULL, NULL, NULL),
	(239, 'YARD ADMIN', 6, 1, NULL, NULL, NULL, NULL),
	(240, 'PRESSURE VESSEL ENGINEER', 1, 1, NULL, NULL, NULL, NULL),
	(241, 'E&I SITE ENGINEER', 6, 1, NULL, NULL, NULL, NULL),
	(242, 'IT SUPPORT', 5, 1, NULL, NULL, NULL, NULL),
	(243, 'SENIOR HVAC ENGINEER', 1, 1, NULL, NULL, NULL, NULL),
	(244, 'MECHANICAL COMPLETION LEAD ENGINEER', 6, 1, NULL, NULL, NULL, NULL),
	(245, 'STRUCTURE PDMS MODELER ', 1, 1, NULL, NULL, NULL, NULL),
	(246, 'E&I PDMS MODELER ', 1, 1, NULL, NULL, NULL, NULL),
	(247, 'ARCHITECTURAL FITTER', 6, 1, NULL, NULL, NULL, NULL),
	(248, 'PROCESS ENGINEER', 1, 1, NULL, NULL, NULL, NULL),
	(249, 'ENGINEERING MANAGER', 1, 1, NULL, NULL, NULL, NULL),
	(250, 'HR ASSISTANT', 3, 1, NULL, NULL, NULL, NULL),
	(251, 'GM, BUSINESS SUPPORT', 3, 1, NULL, NULL, NULL, NULL),
	(252, 'FACILITY FOREMAN', 6, 1, NULL, NULL, NULL, NULL),
	(253, 'SENIOR SUPERVISOR', 6, 1, NULL, NULL, NULL, NULL),
	(254, 'SENIOR DESIGNER', 1, 1, NULL, NULL, NULL, NULL),
	(255, 'STRUCTURE WELDER LEAD', 6, 1, NULL, NULL, NULL, NULL),
	(256, 'COMMISSIONING LEAD TECHNICIAN', 6, 1, NULL, NULL, NULL, NULL),
	(257, 'AIRCOND TECHNICIAN', 6, 1, NULL, NULL, NULL, NULL),
	(258, 'WAREHOUSE COORDINATOR', 9, 1, NULL, NULL, NULL, NULL),
	(259, 'COMPLETION LEAD', 6, 1, NULL, NULL, NULL, NULL),
	(260, 'MECHANICAL/PIPING SUPERVISOR', 6, 1, NULL, NULL, NULL, NULL),
	(261, 'EQUIPMENT RIGGER', 6, 1, NULL, NULL, NULL, NULL),
	(262, 'PIPING PRODUCTION ENGINER', 6, 1, NULL, NULL, NULL, NULL),
	(263, 'SENIOR E&I DRAFTER', 1, 1, NULL, NULL, NULL, NULL),
	(264, 'YARD MAINTENANCE SUPERINTENDENT', 6, 1, NULL, NULL, NULL, NULL),
	(265, 'ELECTRICIAN LEAD', 6, 1, NULL, NULL, NULL, NULL),
	(266, 'FITTER FACILITY', 6, 1, NULL, NULL, NULL, NULL),
	(267, 'HVAC FOREMAN', 6, 1, NULL, NULL, NULL, NULL),
	(268, 'HVAC SKILL', 6, 1, NULL, NULL, NULL, NULL),
	(269, 'E&I TECHNICIAN (PRESERVATIO/LOTO)', 6, 1, NULL, NULL, NULL, NULL),
	(270, 'BLASTER PAINTER LEAD', 6, 1, NULL, NULL, NULL, NULL),
	(271, 'TECHNICIAN', 6, 1, NULL, NULL, NULL, NULL),
	(272, 'SKILL DUCTING', 6, 1, NULL, NULL, NULL, NULL),
	(273, 'SENIOR PIPING FITTER FOREMAN', 6, 1, NULL, NULL, NULL, NULL),
	(274, 'SENIOR HR EXECUTIVE', 3, 1, NULL, NULL, NULL, NULL),
	(275, 'SENIOR SHIPPING EXECUTIVE', 9, 1, NULL, NULL, NULL, NULL),
	(276, 'SENIOR PIPING PRODUCTION ENGINEER', 6, 1, NULL, NULL, NULL, NULL),
	(277, 'QA/QC ASST DOCUMENT CONTROL', 7, 1, NULL, NULL, NULL, NULL),
	(278, 'SENIOR PIPING WELDER FOREMAN', 6, 1, NULL, NULL, NULL, NULL),
	(279, 'APPRANTICE', 11, 1, NULL, NULL, NULL, NULL),
	(280, 'DOCTOR', 4, 1, NULL, NULL, NULL, NULL),
	(281, 'NURSE', 4, 1, NULL, NULL, NULL, NULL),
	(282, 'INSULATION', 6, 1, NULL, NULL, NULL, NULL),
	(283, 'DRIVER', 6, 1, NULL, NULL, NULL, NULL),
	(284, 'MARINE SURVEYOR', 6, 1, NULL, NULL, NULL, NULL),
	(285, 'PROJECT COORDINATOR', 6, 1, NULL, NULL, NULL, NULL),
	(286, 'HYDRO TESTING SUPERVISOR', 6, 1, NULL, NULL, NULL, NULL),
	(287, 'ARCHITECTURAL DESIGNER', 1, 1, NULL, NULL, NULL, NULL),
	(288, 'SENIOR INSTRUMENT ENGINEER', 1, 1, NULL, NULL, NULL, NULL),
	(289, 'QA/QC STRUCTURAL DOCUMENT CONTROL', 7, 1, NULL, NULL, NULL, NULL),
	(290, 'SENIOR QA/QC E&I DOCUMENT CONTROL', 7, 1, NULL, NULL, NULL, NULL),
	(291, 'PROCUREMENT MANAGER', 9, 1, NULL, NULL, NULL, NULL),
	(292, 'WAREHOUSE ASSISTANT MANAGER', 9, 1, NULL, NULL, NULL, NULL),
	(293, 'CONTRUCTION MANAGER', 6, 1, NULL, NULL, NULL, NULL),
	(294, 'DOCUMENT CONTROL LEAD', 6, 1, NULL, NULL, NULL, NULL),
	(295, 'E&I MATERIAL CONTROL', 6, 1, NULL, NULL, NULL, NULL),
	(296, 'ELECTRICAL TECHNICIAN FOREMAN', 6, 1, NULL, NULL, NULL, NULL),
	(298, 'HEAD OF PROJECT', 6, 1, NULL, NULL, NULL, NULL),
	(299, 'MAINTENANCE TECHNICIAN', 6, 1, NULL, NULL, NULL, NULL),
	(300, 'PRODUCTION ENGINEER', 6, 1, NULL, NULL, NULL, NULL),
	(301, 'PROJECT MANAEGER II', 6, 1, NULL, NULL, NULL, NULL),
	(302, 'SENIOR E&I FOREMAN', 6, 1, NULL, NULL, NULL, NULL),
	(303, 'SENIOR E&I SUPERVISOR', 6, 1, NULL, NULL, NULL, NULL),
	(304, 'SENIOR MANAGER, OPERATIONS', 6, 1, NULL, NULL, NULL, NULL),
	(305, 'VESSEL FITTER LEAD', 6, 1, NULL, NULL, NULL, NULL),
	(306, 'WELDER FOREMAN', 6, 1, NULL, NULL, NULL, NULL),
	(307, 'PRODUCTION QC COORDINATOR', 6, 1, NULL, NULL, NULL, NULL),
	(308, 'SENIOR QUANTITY SURVEYOR', 6, 1, NULL, NULL, NULL, NULL),
	(309, 'MIS EXECUTIVE II', 5, 1, NULL, NULL, NULL, NULL),
	(310, 'PDMS MODELER', 1, 1, NULL, NULL, NULL, NULL),
	(311, 'QA/QC E&I COORDINATOR', 7, 1, NULL, NULL, NULL, NULL),
	(312, 'STRUCTURAL DRAFTER / SENIOR DOC CONTROL', 1, 1, NULL, NULL, NULL, NULL),
	(313, 'SENIOR E&I DESIGNER', 1, 1, NULL, NULL, NULL, NULL),
	(314, 'CONTRUCTION ENGINEER', 6, 1, NULL, NULL, NULL, NULL),
	(315, 'STRUCTURE SUPERINTENDENT', 6, 1, NULL, NULL, NULL, NULL),
	(316, 'PIPING DRAFTER', 1, 1, NULL, NULL, NULL, NULL),
	(317, 'LEAD SOFTWARE DEVELOPER', 5, 1, NULL, NULL, NULL, NULL),
	(318, 'SOFTWARE DEVELOPER', 5, 1, NULL, NULL, NULL, NULL),
	(319, 'SENIOR WELDING SUPERVISOR', 6, 1, NULL, NULL, NULL, NULL),
	(320, 'ASST HSES MANAGER', 4, 1, NULL, NULL, NULL, NULL),
	(321, 'VESSEL PRODUCTION SUPERVISOR', 6, 1, NULL, NULL, NULL, NULL),
	(322, 'WORKPACK COORDINATOR', 6, 1, NULL, NULL, NULL, NULL),
	(323, 'QA/QC MATERIAL COORDINATOR', 7, 1, NULL, NULL, NULL, NULL),
	(324, 'SAP ADMIN ASSISTANT', 6, 1, NULL, NULL, NULL, NULL),
	(325, 'QA/QC LEAD PAINTING & COATING', 7, 1, NULL, NULL, NULL, NULL),
	(326, 'JUNIOR INSTRUMENT ENGINEER', 1, 1, NULL, NULL, NULL, NULL),
	(327, 'SENIOR MECHANICAL ENGINEER', 1, 1, NULL, NULL, NULL, NULL),
	(328, 'E&I ENGINEER LEAD', 1, 1, NULL, NULL, NULL, NULL),
	(329, 'STOREKEEPER', 6, 1, NULL, NULL, NULL, NULL),
	(330, 'STRUCTURE ENGINEER LEAD', 1, 1, NULL, NULL, NULL, NULL),
	(331, 'SENIOR ARCHITECTURAL ENGINEER', 1, 1, NULL, NULL, NULL, NULL),
	(332, 'ENGINEERING', 1, 1, NULL, NULL, NULL, NULL),
	(333, 'PIPING ENGINEER LEAD', 1, 1, NULL, NULL, NULL, NULL),
	(334, 'SENIOR ELECTRICAL ENGINEER', 1, 1, NULL, NULL, NULL, NULL),
	(335, 'SENIOR PROCESS ENGINEER', 1, 1, NULL, NULL, NULL, NULL),
	(336, 'STRUCTURE DESIGNER LEAD', 1, 1, NULL, NULL, NULL, NULL),
	(337, 'SENIOR INSTRUMENTATION & CONTROL', 1, 1, NULL, NULL, NULL, NULL),
	(338, 'QUALITY ENGINEER', 1, 1, NULL, NULL, NULL, NULL),
	(339, 'GET - PROCESS', 1, 1, NULL, NULL, NULL, NULL),
	(340, 'GET - INSTRUMENTATION', 1, 1, NULL, NULL, NULL, NULL),
	(341, 'PROCESS DESIGNER LEAD', 1, 1, NULL, NULL, NULL, NULL),
	(342, 'PIPING DESIGNER LEAD', 1, 1, NULL, NULL, NULL, NULL),
	(343, 'COMMISSIONING ENGINEER', 6, 1, NULL, NULL, NULL, NULL),
	(344, 'PROJECT DIRECTOR', 6, 1, NULL, NULL, NULL, NULL),
	(345, 'ASSISTANT FACILITY MANAGER', 6, 1, NULL, NULL, NULL, NULL),
	(346, 'ENGINEERING DOCUMENT CONTROL', 1, 1, NULL, NULL, NULL, NULL),
	(347, 'SENIOR STRUCTURE DESIGNER', 1, 1, NULL, NULL, NULL, NULL),
	(348, 'SENIOR PIPING DESIGNER', 1, 1, NULL, NULL, NULL, NULL),
	(349, 'PROPOSAL MANAGER', 15, 1, NULL, NULL, NULL, NULL),
	(350, 'VICE PRESIDENT', 6, 1, NULL, NULL, NULL, NULL),
	(351, 'APPLICATION MANAGER', 16, 1, NULL, NULL, NULL, NULL),
	(352, 'SENIOR HVAC DESIGNER', 1, 1, NULL, NULL, NULL, NULL),
	(353, 'SENIOR QA/QC DIMENSION CONTROL', 7, 1, NULL, NULL, NULL, NULL),
	(354, 'SENIOR DOCUMENT CONTROL', 6, 1, NULL, NULL, NULL, NULL),
	(355, 'SENIOR STORE ADMIN', 9, 1, NULL, NULL, NULL, NULL),
	(356, 'YARD FACILITY MANAGER', 6, 1, NULL, NULL, NULL, NULL),
	(357, 'ASSISTANT NDT COORDINATOR', 7, 1, NULL, NULL, NULL, NULL),
	(358, 'ELECTRICAL ENGINEER', 1, 1, NULL, NULL, NULL, NULL),
	(359, 'MECHANICAL ENGINEER', 1, 1, NULL, NULL, NULL, NULL),
	(360, 'SENIOR ELECTRICAL DESIGNER', 1, 1, NULL, NULL, NULL, NULL),
	(361, 'SENIOR PIPING STRESS ENGINEER', 1, 1, NULL, NULL, NULL, NULL),
	(362, 'SENIOR IT SUPPORT', 5, 1, NULL, NULL, NULL, NULL),
	(363, 'SITE MANAGER', 6, 1, NULL, NULL, NULL, NULL),
	(364, 'HVAC DRAFTER', 1, 1, NULL, NULL, NULL, NULL),
	(365, 'PIPING WELDER LEAD', 6, 1, NULL, NULL, NULL, NULL),
	(366, 'VESSEL FITTER FOREMAN', 6, 1, NULL, NULL, NULL, NULL),
	(367, 'SENIOR INSTRUMENT DESIGNER', 1, 1, NULL, NULL, NULL, NULL),
	(368, 'ASSISTANT ADMIN BUYER', 9, 1, NULL, NULL, NULL, NULL),
	(369, 'SENIOR ARCHITECTURAL FITTER LEAD', 6, 1, NULL, NULL, NULL, NULL),
	(370, 'PIPING FITTER LEAD', 6, 1, NULL, NULL, NULL, NULL),
	(371, 'EIT CONSTRUCTION & COMMISIONING LEAD', 6, 1, NULL, NULL, NULL, NULL),
	(372, 'PAINTING & SCAFFOLDING SITE COORDINATOR', 6, 1, NULL, NULL, NULL, NULL),
	(373, 'SENIOR E&I ELECTRICIAN LEAD', 6, 1, NULL, NULL, NULL, NULL),
	(374, 'QA/QC ASSISTANT WELDING ENGINEER', 7, 1, NULL, NULL, NULL, NULL),
	(375, 'SENIOR STRUCTURE WELDER LEAD', 6, 1, NULL, NULL, NULL, NULL),
	(376, 'SENIOR BLASTER PAINTER LEAD', 6, 1, NULL, NULL, NULL, NULL),
	(377, 'SENIOR QA/QC COORDINATOR', 7, 1, NULL, NULL, NULL, NULL),
	(378, 'QA/QC E&I & MC LEAD INSPECTOR', 7, 1, NULL, NULL, NULL, NULL),
	(379, 'QA/QC CONSULTANT', 7, 1, NULL, NULL, NULL, NULL),
	(380, 'MECHANICAL COMPLETION ADMIN', 6, 1, NULL, NULL, NULL, NULL),
	(381, 'MAINTENANCE LEAD', 6, 1, NULL, NULL, NULL, NULL),
	(382, 'SENIOR CONSTRUCTION COORDINATOR', 6, 1, NULL, NULL, NULL, NULL),
	(383, 'HVAC DESIGNER', 1, 1, NULL, NULL, NULL, NULL),
	(384, 'YARD FACILITY & INFRASTRUCTURE DEVELOPMENT COORDINATOR', 6, 1, NULL, NULL, NULL, NULL),
	(385, 'PDMS ADMINISTRATOR CUM DESIGNER', 1, 1, NULL, NULL, NULL, NULL),
	(386, 'CONTROLS ENGINEER LEAD ', 1, 1, NULL, NULL, NULL, NULL),
	(387, ' PROCESS ENGINEER LEAD', 1, 1, NULL, NULL, NULL, NULL),
	(388, 'SENIOR STRUCTURAL ENGINEER', 1, 1, NULL, NULL, NULL, NULL),
	(389, 'SENIOR E&I ENGINEER', 1, 1, NULL, NULL, NULL, NULL),
	(390, 'ENGINEERING COORDINATOR', 1, 1, NULL, NULL, NULL, NULL),
	(391, 'ACCOUNTS EXECUTIVE', 2, 1, NULL, NULL, NULL, NULL),
	(392, 'HEAD OF FINANCE', 2, 1, NULL, NULL, NULL, NULL),
	(393, 'ASSISTANT FINANCE MANAGER', 2, 1, NULL, NULL, NULL, NULL),
	(394, 'HEAD,GROUP HR', 3, 1, NULL, NULL, NULL, NULL),
	(395, 'HUMAN RESOURCES BUSINESS PARTNER', 3, 1, NULL, NULL, NULL, NULL),
	(396, 'CONSTRUCTION MANAGER', 6, 1, NULL, NULL, NULL, NULL),
	(397, 'GENERAL MANAGER, OPERATIONS', 6, 1, NULL, NULL, NULL, NULL),
	(398, 'HVAC PACKAGE ENGINEER', 6, 1, NULL, NULL, NULL, NULL),
	(399, 'MECHANICAL COMPLETION ENGINEER', 6, 1, NULL, NULL, NULL, NULL),
	(400, 'SENIOR PROJECT & EI SITE ENGINEER', 6, 1, NULL, NULL, NULL, NULL),
	(401, 'HEAD OF PROJECTS', 7, 1, NULL, NULL, NULL, NULL),
	(402, 'LEAD QA/QC ENGINEER', 7, 1, NULL, NULL, NULL, NULL),
	(403, 'ASSISTANT QA/QC MANAGER', 7, 1, NULL, NULL, NULL, NULL),
	(404, 'PROCUREMENT EXECUTIVE', 9, 1, NULL, NULL, NULL, NULL),
	(405, 'SENIOR LOGISTICS COORDINATOR', 9, 1, NULL, NULL, NULL, NULL),
	(406, 'SCM MANAGER', 9, 1, NULL, NULL, NULL, NULL),
	(407, 'MANAGER, PROCUREMENT', 9, 1, NULL, NULL, NULL, NULL),
	(408, 'SENIOR MANAGER, TENDERING, ESTIMATION & SCM', 15, 1, NULL, NULL, NULL, NULL),
	(409, 'SENIOR PROPOSAL ENGINEER', 15, 1, NULL, NULL, NULL, NULL),
	(410, 'VICE PRESIDENT, BUSINESS DEVELOPMENT-ASIA PAC', 16, 1, NULL, NULL, NULL, NULL),
	(411, 'REGIONAL SALES MANAGER,NEW EQUIPMENT & AFTERMARKET', 16, 1, NULL, NULL, NULL, NULL),
	(412, 'VICE PRESIDENT, PROCESS SALES', 16, 1, NULL, NULL, NULL, NULL),
	(413, 'TECHNICAL SALES MANAGER', 16, 1, NULL, NULL, NULL, NULL),
	(414, 'CONTRACTS MANAGER', 17, 1, NULL, NULL, NULL, NULL),
	(415, 'SENIOR VICE PRESIDENT, WSETG', 18, 1, NULL, NULL, NULL, NULL),
	(416, 'EXECUTIVE VICE PRESIDENT, ENGINEERING DIVISION', 18, 1, NULL, NULL, NULL, NULL),
	(417, 'HEAD OF PROJECTS', 18, 1, NULL, NULL, NULL, NULL),
	(418, 'GROUP CEO', 18, 1, NULL, NULL, NULL, NULL),
	(419, 'MAINTENANCE FOREMAN', 6, 1, NULL, NULL, NULL, NULL),
	(420, 'PDMS MODELER LEAD', 1, 1, NULL, NULL, NULL, NULL),
	(422, 'SENIOR STRUCTURE WELDER FOREMAN', 6, 1, NULL, NULL, NULL, NULL),
	(423, 'PRODUCTION QC', 6, 1, NULL, NULL, NULL, NULL),
	(424, 'LEAD STRUCTURE DESIGNER', 1, 1, NULL, NULL, NULL, NULL),
	(425, 'SENIOR ELECTRICAL INSPECTOR', 6, 1, NULL, NULL, NULL, NULL),
	(426, 'COMMISSIONING COORDINATOR', 6, 1, NULL, NULL, NULL, NULL),
	(427, 'HR RECRUITER SPECIALIST', 3, 1, NULL, NULL, NULL, NULL),
	(428, 'STRUCTURE CUTTER', 6, 1, NULL, NULL, NULL, NULL),
	(429, 'MECHANICAL COMPLETION ENGINEER', 1, 1, NULL, NULL, NULL, NULL),
	(430, 'TESTPACK COORDINATOR', 6, 1, NULL, NULL, NULL, NULL),
	(431, 'QA/QC DATA BASE', 7, 1, NULL, NULL, NULL, NULL),
	(432, 'ARCHITECTURAL FITTER LEAD', 6, 1, NULL, NULL, NULL, NULL),
	(433, 'JUNIOR E&I ENGINEER', 1, 1, NULL, NULL, NULL, NULL),
	(434, 'SENIOR FINANCE SUPERVISOR', 2, 1, NULL, NULL, NULL, NULL),
	(435, 'STRUCTURAL SUPERINTENDENT', 6, 1, NULL, NULL, NULL, NULL),
	(436, 'SENIOR PRODUCTION COORDINATOR', 6, 1, NULL, NULL, NULL, NULL),
	(437, 'PRINCIPLE STRUCTURE ENGINEER', 1, 1, NULL, NULL, NULL, NULL),
	(438, 'PDMS PIPING DESIGNER', 1, 1, NULL, NULL, NULL, NULL),
	(439, 'PRINCIPAL PROCESS ENGINEER', 1, 1, NULL, NULL, NULL, NULL),
	(440, 'SITE ENGINEER', 1, 1, NULL, NULL, NULL, NULL),
	(441, 'YARD AND FABRICATION MANAGER', 6, 1, NULL, NULL, NULL, NULL),
	(442, 'ASSISTANT PROJECT MANAGER', 6, 1, NULL, NULL, NULL, NULL),
	(443, 'SAP COORDINATOR', 9, 1, NULL, NULL, NULL, NULL),
	(444, 'SENIOR MATERIAL CONTROL', 6, 1, NULL, NULL, NULL, NULL),
	(445, 'ASSISTANT PRODUCTION QC', 6, 1, NULL, NULL, NULL, NULL),
	(446, 'PROJECT QC INSPECTOR', 6, 1, NULL, NULL, NULL, NULL),
	(447, 'PROJECT DIMENSIONAL CONTROLLER', 6, 1, NULL, NULL, NULL, NULL),
	(448, 'SPOOL COORDINATOR', 6, 1, NULL, NULL, NULL, NULL),
	(449, 'PROJECT QS ENGINEER', 6, 1, NULL, NULL, NULL, NULL),
	(450, 'PROJECT QC LEAD', 6, 1, NULL, NULL, NULL, NULL),
	(451, 'WELDER P91/22', 6, 1, NULL, NULL, NULL, NULL),
	(452, 'PIPING LINE CHECKER', 6, 1, NULL, NULL, NULL, NULL),
	(453, 'PROJECT QA ENGINEER', 6, 1, NULL, NULL, NULL, NULL),
	(454, 'JUNIOR WELDING ENGINEER', 7, 1, NULL, NULL, NULL, NULL),
	(455, 'YARD SUB CONTRACTOR SPECIALIST CUM QUANTITY SURVEYOR', 9, 1, NULL, NULL, NULL, NULL),
	(456, 'SENIOR STRUCTURE FITTER LEAD', 6, 1, NULL, NULL, NULL, NULL),
	(457, 'PRODUCTION PLANNER', 6, 1, NULL, NULL, NULL, NULL),
	(458, 'EXPEDITOR', 9, 1, NULL, NULL, NULL, NULL),
	(459, 'FACILITY SITE ENGINEER', 1, 1, NULL, NULL, NULL, NULL),
	(460, 'SENIOR PIPING SIUPERINTENDENT', 6, 1, NULL, NULL, NULL, NULL),
	(461, 'SENIOR CNC MACHINE OPERATOR', 6, 1, NULL, NULL, NULL, NULL),
	(462, 'BANDSAW OPERATOR', 6, 1, NULL, NULL, NULL, NULL),
	(463, 'BEVELLING OPERATOR', 6, 1, NULL, NULL, NULL, NULL),
	(464, 'GRINDER LEAD', 6, 1, NULL, NULL, NULL, NULL),
	(467, 'ASSISTANT DIMENSIONAL CONTROLLER', 7, NULL, NULL, NULL, NULL, NULL);
/*!40000 ALTER TABLE `tblfile_position` ENABLE KEYS */;

-- Dumping structure for table copier.user
CREATE TABLE IF NOT EXISTS `user` (
  `id` int(11) NOT NULL AUTO_INCREMENT,
  `username` varchar(100) NOT NULL DEFAULT '0',
  `email` varchar(30) NOT NULL DEFAULT '0',
  `password` varchar(50) NOT NULL,
  `name` varchar(100) DEFAULT NULL,
  PRIMARY KEY (`id`)
) ENGINE=InnoDB AUTO_INCREMENT=8 DEFAULT CHARSET=utf8mb4;

-- Dumping data for table copier.user: ~2 rows (approximately)
/*!40000 ALTER TABLE `user` DISABLE KEYS */;
INSERT INTO `user` (`id`, `username`, `email`, `password`, `name`) VALUES
	(5, 'admin5', 'wasco.upload2@gmail.com', '7110eda4d09e062aa5e4', 'Admin 5'),
	(7, 'admin', 'ptwei.mis@wascoenergy.com', '89c1f163e631bb3297e51a82468e5b797627e2f8', 'administrator');
/*!40000 ALTER TABLE `user` ENABLE KEYS */;

/*!40101 SET SQL_MODE=IFNULL(@OLD_SQL_MODE, '') */;
/*!40014 SET FOREIGN_KEY_CHECKS=IFNULL(@OLD_FOREIGN_KEY_CHECKS, 1) */;
/*!40101 SET CHARACTER_SET_CLIENT=@OLD_CHARACTER_SET_CLIENT */;
/*!40111 SET SQL_NOTES=IFNULL(@OLD_SQL_NOTES, 1) */;
